USD_BRL,Dia,Mes,Ano
4.02,31,12,2019
4.02,30,12,2019
4.05,27,12,2019
4.06,26,12,2019
4.08,25,12,2019
4.08,24,12,2019
4.08,23,12,2019
4.1,20,12,2019
4.07,19,12,2019
4.06,18,12,2019
4.07,17,12,2019
4.06,16,12,2019
4.11,13,12,2019
4.09,12,12,2019
4.12,11,12,2019
4.15,10,12,2019
4.14,9,12,2019
4.14,6,12,2019
4.19,5,12,2019
4.21,4,12,2019
4.21,3,12,2019
4.22,2,12,2019
4.24,29,11,2019
4.19,28,11,2019
4.26,27,11,2019
4.23,26,11,2019
4.23,25,11,2019
4.2,22,11,2019
4.19,21,11,2019
4.2,20,11,2019
4.19,19,11,2019
4.22,18,11,2019
4.2,15,11,2019
4.2,14,11,2019
4.17,13,11,2019
4.17,12,11,2019
4.15,11,11,2019
4.16,8,11,2019
4.1,7,11,2019
4.08,6,11,2019
3.99,5,11,2019
4.02,4,11,2019
3.99,1,11,2019
4.02,31,10,2019
3.99,30,10,2019
4.0,29,10,2019
3.99,28,10,2019
4.0,25,10,2019
4.04,24,10,2019
4.03,23,10,2019
4.08,22,10,2019
4.13,21,10,2019
4.11,18,10,2019
4.16,17,10,2019
4.15,16,10,2019
4.18,15,10,2019
4.13,14,10,2019
4.11,11,10,2019
4.11,10,10,2019
4.11,9,10,2019
4.1,8,10,2019
4.11,7,10,2019
4.06,4,10,2019
4.08,3,10,2019
4.13,2,10,2019
4.16,1,10,2019
4.16,30,9,2019
4.16,27,9,2019
4.17,26,9,2019
4.15,25,9,2019
4.16,24,9,2019
4.16,23,9,2019
4.15,20,9,2019
4.17,19,9,2019
4.11,18,9,2019
4.08,17,9,2019
4.08,16,9,2019
4.08,13,9,2019
4.06,12,9,2019
4.07,11,9,2019
4.08,10,9,2019
4.1,9,9,2019
4.06,6,9,2019
4.11,5,9,2019
4.1,4,9,2019
4.17,3,9,2019
4.19,2,9,2019
4.15,30,8,2019
4.17,29,8,2019
4.17,28,8,2019
4.13,27,8,2019
4.16,26,8,2019
4.12,23,8,2019
4.07,22,8,2019
4.03,21,8,2019
4.05,20,8,2019
4.07,19,8,2019
4.01,16,8,2019
3.99,15,8,2019
4.05,14,8,2019
3.97,13,8,2019
3.99,12,8,2019
3.94,9,8,2019
3.92,8,8,2019
3.97,7,8,2019
3.96,6,8,2019
3.98,5,8,2019
3.89,2,8,2019
3.84,1,8,2019
3.81,31,7,2019
3.79,30,7,2019
3.78,29,7,2019
3.78,26,7,2019
3.78,25,7,2019
3.77,24,7,2019
3.77,23,7,2019
3.74,22,7,2019
3.75,19,7,2019
3.72,18,7,2019
3.76,17,7,2019
3.77,16,7,2019
3.76,15,7,2019
3.74,12,7,2019
3.76,11,7,2019
3.75,10,7,2019
3.8,9,7,2019
3.81,8,7,2019
3.82,5,7,2019
3.8,4,7,2019
3.83,3,7,2019
3.85,2,7,2019
3.84,1,7,2019
3.85,28,6,2019
3.82,27,6,2019
3.84,26,6,2019
3.85,25,6,2019
3.83,24,6,2019
3.82,21,6,2019
3.84,20,6,2019
3.84,19,6,2019
3.86,18,6,2019
3.89,17,6,2019
3.9,14,6,2019
3.85,13,6,2019
3.87,12,6,2019
3.86,11,6,2019
3.89,10,6,2019
3.88,7,6,2019
3.88,6,6,2019
3.88,5,6,2019
3.85,4,6,2019
3.89,3,6,2019
3.92,31,5,2019
3.98,30,5,2019
3.97,29,5,2019
4.02,28,5,2019
4.04,27,5,2019
4.02,24,5,2019
4.04,23,5,2019
4.04,22,5,2019
4.04,21,5,2019
4.1,20,5,2019
4.1,17,5,2019
4.05,16,5,2019
4.0,15,5,2019
3.98,14,5,2019
3.99,13,5,2019
3.96,10,5,2019
3.95,9,5,2019
3.93,8,5,2019
3.97,7,5,2019
3.97,6,5,2019
3.94,3,5,2019
3.97,2,5,2019
3.92,1,5,2019
3.92,30,4,2019
3.95,29,4,2019
3.93,26,4,2019
3.95,25,4,2019
3.99,24,4,2019
3.92,23,4,2019
3.94,22,4,2019
3.93,19,4,2019
3.93,18,4,2019
3.94,17,4,2019
3.9,16,4,2019
3.87,15,4,2019
3.88,12,4,2019
3.86,11,4,2019
3.83,10,4,2019
3.85,9,4,2019
3.85,8,4,2019
3.87,5,4,2019
3.86,4,4,2019
3.87,3,4,2019
3.85,2,4,2019
3.85,1,4,2019
3.92,29,3,2019
3.9,28,3,2019
3.99,27,3,2019
3.88,26,3,2019
3.85,25,3,2019
3.91,22,3,2019
3.79,21,3,2019
3.78,20,3,2019
3.79,19,3,2019
3.79,18,3,2019
3.81,15,3,2019
3.84,14,3,2019
3.81,13,3,2019
3.81,12,3,2019
3.84,11,3,2019
3.87,8,3,2019
3.87,7,3,2019
3.84,6,3,2019
3.78,5,3,2019
3.78,4,3,2019
3.78,1,3,2019
3.75,28,2,2019
3.73,27,2,2019
3.75,26,2,2019
3.75,25,2,2019
3.75,22,2,2019
3.77,21,2,2019
3.73,20,2,2019
3.72,19,2,2019
3.74,18,2,2019
3.7,15,2,2019
3.72,14,2,2019
3.75,13,2,2019
3.71,12,2,2019
3.76,11,2,2019
3.73,8,2,2019
3.72,7,2,2019
3.7,6,2,2019
3.67,5,2,2019
3.67,4,2,2019
3.66,1,2,2019
3.64,31,1,2019
3.68,30,1,2019
3.72,29,1,2019
3.76,28,1,2019
3.77,25,1,2019
3.77,24,1,2019
3.77,23,1,2019
3.82,22,1,2019
3.76,21,1,2019
3.75,18,1,2019
3.75,17,1,2019
3.74,16,1,2019
3.72,15,1,2019
3.7,14,1,2019
3.71,11,1,2019
3.71,10,1,2019
3.68,9,1,2019
3.71,8,1,2019
3.74,7,1,2019
3.72,4,1,2019
3.76,3,1,2019
3.79,2,1,2019
3.88,1,1,2019
3.88,31,12,2018
3.88,28,12,2018
3.87,27,12,2018
3.92,26,12,2018
3.9,25,12,2018
3.9,24,12,2018
3.9,21,12,2018
3.84,20,12,2018
3.9,19,12,2018
3.91,18,12,2018
3.9,17,12,2018
3.92,14,12,2018
3.89,13,12,2018
3.86,12,12,2018
3.9,11,12,2018
3.92,10,12,2018
3.91,7,12,2018
3.88,6,12,2018
3.87,5,12,2018
3.85,4,12,2018
3.84,3,12,2018
3.87,30,11,2018
3.85,29,11,2018
3.85,28,11,2018
3.88,27,11,2018
3.94,26,11,2018
3.83,23,11,2018
3.8,22,11,2018
3.8,21,11,2018
3.76,20,11,2018
3.76,19,11,2018
3.74,16,11,2018
3.78,15,11,2018
3.78,14,11,2018
3.8,13,11,2018
3.77,12,11,2018
3.73,9,11,2018
3.76,8,11,2018
3.73,7,11,2018
3.76,6,11,2018
3.73,5,11,2018
3.7,2,11,2018
3.7,1,11,2018
3.72,31,10,2018
3.7,30,10,2018
3.72,29,10,2018
3.64,26,10,2018
3.71,25,10,2018
3.74,24,10,2018
3.69,23,10,2018
3.69,22,10,2018
3.71,19,10,2018
3.72,18,10,2018
3.69,17,10,2018
3.73,16,10,2018
3.74,15,10,2018
3.78,12,10,2018
3.78,11,10,2018
3.76,10,10,2018
3.72,9,10,2018
3.78,8,10,2018
3.84,5,10,2018
3.87,4,10,2018
3.9,3,10,2018
3.94,2,10,2018
4.02,1,10,2018
4.05,28,9,2018
4.01,27,9,2018
4.03,26,9,2018
4.08,25,9,2018
4.09,24,9,2018
4.05,21,9,2018
4.08,20,9,2018
4.13,19,9,2018
4.16,18,9,2018
4.13,17,9,2018
4.17,14,9,2018
4.21,13,9,2018
4.16,12,9,2018
4.15,11,9,2018
4.09,10,9,2018
4.06,7,9,2018
4.06,6,9,2018
4.15,5,9,2018
4.16,4,9,2018
4.16,3,9,2018
4.06,31,8,2018
4.15,30,8,2018
4.11,29,8,2018
4.13,28,8,2018
4.08,27,8,2018
4.1,24,8,2018
4.12,23,8,2018
4.04,22,8,2018
4.05,21,8,2018
3.97,20,8,2018
3.91,17,8,2018
3.91,16,8,2018
3.91,15,8,2018
3.87,14,8,2018
3.88,13,8,2018
3.86,10,8,2018
3.8,9,8,2018
3.77,8,8,2018
3.75,7,8,2018
3.74,6,8,2018
3.71,3,8,2018
3.75,2,8,2018
3.75,1,8,2018
3.76,31,7,2018
3.73,30,7,2018
3.71,27,7,2018
3.75,26,7,2018
3.69,25,7,2018
3.75,24,7,2018
3.78,23,7,2018
3.77,20,7,2018
3.83,19,7,2018
3.85,18,7,2018
3.84,17,7,2018
3.86,16,7,2018
3.85,13,7,2018
3.88,12,7,2018
3.88,11,7,2018
3.82,10,7,2018
3.87,9,7,2018
3.86,6,7,2018
3.93,5,7,2018
3.91,4,7,2018
3.9,3,7,2018
3.91,2,7,2018
3.88,29,6,2018
3.86,28,6,2018
3.86,27,6,2018
3.8,26,6,2018
3.78,25,6,2018
3.79,22,6,2018
3.77,21,6,2018
3.77,20,6,2018
3.75,19,6,2018
3.75,18,6,2018
3.73,15,6,2018
3.81,14,6,2018
3.72,13,6,2018
3.72,12,6,2018
3.71,11,6,2018
3.71,8,6,2018
3.91,7,6,2018
3.85,6,6,2018
3.81,5,6,2018
3.75,4,6,2018
3.76,1,6,2018
3.72,31,5,2018
3.72,30,5,2018
3.73,29,5,2018
3.74,28,5,2018
3.65,25,5,2018
3.65,24,5,2018
3.63,23,5,2018
3.64,22,5,2018
3.68,21,5,2018
3.74,18,5,2018
3.7,17,5,2018
3.68,16,5,2018
3.65,15,5,2018
3.62,14,5,2018
3.6,11,5,2018
3.55,10,5,2018
3.59,9,5,2018
3.56,8,5,2018
3.55,7,5,2018
3.53,4,5,2018
3.53,3,5,2018
3.55,2,5,2018
3.51,1,5,2018
3.51,30,4,2018
3.46,27,4,2018
3.48,26,4,2018
3.48,25,4,2018
3.47,24,4,2018
3.45,23,4,2018
3.41,20,4,2018
3.39,19,4,2018
3.38,18,4,2018
3.41,17,4,2018
3.42,16,4,2018
3.42,13,4,2018
3.41,12,4,2018
3.37,11,4,2018
3.41,10,4,2018
3.42,9,4,2018
3.37,6,4,2018
3.34,5,4,2018
3.33,4,4,2018
3.34,3,4,2018
3.31,2,4,2018
3.31,30,3,2018
3.31,29,3,2018
3.32,28,3,2018
3.33,27,3,2018
3.31,26,3,2018
3.31,23,3,2018
3.32,22,3,2018
3.27,21,3,2018
3.31,20,3,2018
3.29,19,3,2018
3.28,16,3,2018
3.29,15,3,2018
3.26,14,3,2018
3.26,13,3,2018
3.26,12,3,2018
3.26,9,3,2018
3.27,8,3,2018
3.25,7,3,2018
3.21,6,3,2018
3.24,5,3,2018
3.25,2,3,2018
3.25,1,3,2018
3.25,28,2,2018
3.25,27,2,2018
3.23,26,2,2018
3.24,23,2,2018
3.25,22,2,2018
3.27,21,2,2018
3.26,20,2,2018
3.23,19,2,2018
3.23,16,2,2018
3.23,15,2,2018
3.22,14,2,2018
3.3,13,2,2018
3.3,12,2,2018
3.29,9,2,2018
3.29,8,2,2018
3.27,7,2,2018
3.23,6,2,2018
3.26,5,2,2018
3.22,2,2,2018
3.17,1,2,2018
3.19,31,1,2018
3.18,30,1,2018
3.16,29,1,2018
3.15,26,1,2018
3.15,25,1,2018
3.15,24,1,2018
3.24,23,1,2018
3.2,22,1,2018
3.2,19,1,2018
3.21,18,1,2018
3.22,17,1,2018
3.22,16,1,2018
3.22,15,1,2018
3.21,12,1,2018
3.22,11,1,2018
3.23,10,1,2018
3.25,9,1,2018
3.24,8,1,2018
3.23,5,1,2018
3.23,4,1,2018
3.24,3,1,2018
3.26,2,1,2018
3.31,1,1,2018
3.31,29,12,2017
3.31,28,12,2017
3.32,27,12,2017
3.31,26,12,2017
3.34,25,12,2017
3.34,22,12,2017
3.31,21,12,2017
3.3,20,12,2017
3.29,19,12,2017
3.29,18,12,2017
3.29,15,12,2017
3.34,14,12,2017
3.31,13,12,2017
3.31,12,12,2017
3.3,11,12,2017
3.29,8,12,2017
3.29,7,12,2017
3.24,6,12,2017
3.24,5,12,2017
3.24,4,12,2017
3.26,1,12,2017
3.27,30,11,2017
3.25,29,11,2017
3.21,28,11,2017
3.23,27,11,2017
3.23,24,11,2017
3.22,23,11,2017
3.22,22,11,2017
3.26,21,11,2017
3.26,20,11,2017
3.26,17,11,2017
3.27,16,11,2017
3.31,15,11,2017
3.31,14,11,2017
3.28,13,11,2017
3.28,10,11,2017
3.25,9,11,2017
3.25,8,11,2017
3.27,7,11,2017
3.25,6,11,2017
3.31,3,11,2017
3.27,2,11,2017
3.27,1,11,2017
3.27,31,10,2017
3.29,30,10,2017
3.24,27,10,2017
3.29,26,10,2017
3.23,25,10,2017
3.24,24,10,2017
3.24,23,10,2017
3.19,20,10,2017
3.17,19,10,2017
3.17,18,10,2017
3.16,17,10,2017
3.17,16,10,2017
3.15,13,10,2017
3.17,12,10,2017
3.17,11,10,2017
3.18,10,10,2017
3.19,9,10,2017
3.16,6,10,2017
3.15,5,10,2017
3.14,4,10,2017
3.14,3,10,2017
3.15,2,10,2017
3.16,29,9,2017
3.18,28,9,2017
3.19,27,9,2017
3.17,26,9,2017
3.16,25,9,2017
3.12,22,9,2017
3.14,21,9,2017
3.13,20,9,2017
3.14,19,9,2017
3.14,18,9,2017
3.11,15,9,2017
3.12,14,9,2017
3.14,13,9,2017
3.13,12,9,2017
3.1,11,9,2017
3.09,8,9,2017
3.1,7,9,2017
3.1,6,9,2017
3.12,5,9,2017
3.14,4,9,2017
3.14,1,9,2017
3.15,31,8,2017
3.16,30,8,2017
3.17,29,8,2017
3.17,28,8,2017
3.16,25,8,2017
3.15,24,8,2017
3.14,23,8,2017
3.16,22,8,2017
3.16,21,8,2017
3.15,18,8,2017
3.18,17,8,2017
3.15,16,8,2017
3.17,15,8,2017
3.19,14,8,2017
3.19,11,8,2017
3.18,10,8,2017
3.16,9,8,2017
3.13,8,8,2017
3.13,7,8,2017
3.13,4,8,2017
3.11,3,8,2017
3.11,2,8,2017
3.13,1,8,2017
3.13,31,7,2017
3.13,28,7,2017
3.15,27,7,2017
3.14,26,7,2017
3.17,25,7,2017
3.15,24,7,2017
3.14,21,7,2017
3.12,20,7,2017
3.15,19,7,2017
3.15,18,7,2017
3.18,17,7,2017
3.18,14,7,2017
3.21,13,7,2017
3.21,12,7,2017
3.25,11,7,2017
3.26,10,7,2017
3.28,7,7,2017
3.3,6,7,2017
3.29,5,7,2017
3.31,4,7,2017
3.3,3,7,2017
3.31,30,6,2017
3.3,29,6,2017
3.28,28,6,2017
3.31,27,6,2017
3.3,26,6,2017
3.34,23,6,2017
3.34,22,6,2017
3.34,21,6,2017
3.33,20,6,2017
3.28,19,6,2017
3.29,16,6,2017
3.28,15,6,2017
3.27,14,6,2017
3.32,13,6,2017
3.32,12,6,2017
3.3,9,6,2017
3.26,8,6,2017
3.27,7,6,2017
3.28,6,6,2017
3.3,5,6,2017
3.25,2,6,2017
3.25,1,6,2017
3.23,31,5,2017
3.26,30,5,2017
3.26,29,5,2017
3.26,26,5,2017
3.27,25,5,2017
3.28,24,5,2017
3.27,23,5,2017
3.27,22,5,2017
3.25,19,5,2017
3.37,18,5,2017
3.14,17,5,2017
3.1,16,5,2017
3.11,15,5,2017
3.12,12,5,2017
3.14,11,5,2017
3.17,10,5,2017
3.19,9,5,2017
3.2,8,5,2017
3.18,5,5,2017
3.19,4,5,2017
3.17,3,5,2017
3.15,2,5,2017
3.18,1,5,2017
3.18,28,4,2017
3.18,27,4,2017
3.17,26,4,2017
3.15,25,4,2017
3.13,24,4,2017
3.15,21,4,2017
3.15,20,4,2017
3.15,19,4,2017
3.11,18,4,2017
3.1,17,4,2017
3.14,14,4,2017
3.14,13,4,2017
3.13,12,4,2017
3.14,11,4,2017
3.13,10,4,2017
3.15,7,4,2017
3.14,6,4,2017
3.12,5,4,2017
3.09,4,4,2017
3.11,3,4,2017
3.12,31,3,2017
3.15,30,3,2017
3.12,29,3,2017
3.14,28,3,2017
3.13,27,3,2017
3.11,24,3,2017
3.14,23,3,2017
3.09,22,3,2017
3.09,21,3,2017
3.07,20,3,2017
3.09,17,3,2017
3.12,16,3,2017
3.1,15,3,2017
3.17,14,3,2017
3.15,13,3,2017
3.14,10,3,2017
3.19,9,3,2017
3.16,8,3,2017
3.12,7,3,2017
3.14,6,3,2017
3.12,3,3,2017
3.16,2,3,2017
3.09,1,3,2017
3.11,28,2,2017
3.11,27,2,2017
3.11,24,2,2017
3.06,23,2,2017
3.06,22,2,2017
3.1,21,2,2017
3.09,20,2,2017
3.1,17,2,2017
3.09,16,2,2017
3.06,15,2,2017
3.08,14,2,2017
3.11,13,2,2017
3.12,10,2,2017
3.13,9,2,2017
3.12,8,2,2017
3.12,7,2,2017
3.12,6,2,2017
3.12,3,2,2017
3.12,2,2,2017
3.13,1,2,2017
3.15,31,1,2017
3.13,30,1,2017
3.14,27,1,2017
3.18,26,1,2017
3.17,25,1,2017
3.17,24,1,2017
3.16,23,1,2017
3.17,20,1,2017
3.2,19,1,2017
3.23,18,1,2017
3.21,17,1,2017
3.24,16,1,2017
3.22,13,1,2017
3.19,12,1,2017
3.2,11,1,2017
3.2,10,1,2017
3.2,9,1,2017
3.22,6,1,2017
3.2,5,1,2017
3.22,4,1,2017
3.27,3,1,2017
3.29,2,1,2017
3.25,30,12,2016
3.25,29,12,2016
3.28,28,12,2016
3.27,27,12,2016
3.28,26,12,2016
3.27,23,12,2016
3.29,22,12,2016
3.33,21,12,2016
3.35,20,12,2016
3.36,19,12,2016
3.39,16,12,2016
3.37,15,12,2016
3.37,14,12,2016
3.34,13,12,2016
3.34,12,12,2016
3.38,9,12,2016
3.38,8,12,2016
3.38,7,12,2016
3.41,6,12,2016
3.42,5,12,2016
3.48,2,12,2016
3.47,1,12,2016
3.38,30,11,2016
3.4,29,11,2016
3.39,28,11,2016
3.42,25,11,2016
3.39,24,11,2016
3.39,23,11,2016
3.36,22,11,2016
3.35,21,11,2016
3.38,18,11,2016
3.42,17,11,2016
3.42,16,11,2016
3.44,15,11,2016
3.43,14,11,2016
3.39,11,11,2016
3.39,10,11,2016
3.22,9,11,2016
3.17,8,11,2016
3.2,7,11,2016
3.23,4,11,2016
3.24,3,11,2016
3.24,2,11,2016
3.24,1,11,2016
3.19,31,10,2016
3.21,28,10,2016
3.17,27,10,2016
3.14,26,10,2016
3.12,25,10,2016
3.12,24,10,2016
3.15,21,10,2016
3.14,20,10,2016
3.17,19,10,2016
3.19,18,10,2016
3.2,17,10,2016
3.21,14,10,2016
3.18,13,10,2016
3.2,12,10,2016
3.2,11,10,2016
3.21,10,10,2016
3.22,7,10,2016
3.23,6,10,2016
3.22,5,10,2016
3.26,4,10,2016
3.21,3,10,2016
3.26,30,9,2016
3.26,29,9,2016
3.22,28,9,2016
3.23,27,9,2016
3.24,26,9,2016
3.24,23,9,2016
3.22,22,9,2016
3.21,21,9,2016
3.26,20,9,2016
3.27,19,9,2016
3.26,16,9,2016
3.3,15,9,2016
3.34,14,9,2016
3.31,13,9,2016
3.25,12,9,2016
3.27,9,9,2016
3.21,8,9,2016
3.19,7,9,2016
3.2,6,9,2016
3.28,5,9,2016
3.26,2,9,2016
3.26,1,9,2016
3.23,31,8,2016
3.24,30,8,2016
3.23,29,8,2016
3.27,26,8,2016
3.24,25,8,2016
3.23,24,8,2016
3.23,23,8,2016
3.2,22,8,2016
3.2,19,8,2016
3.24,18,8,2016
3.2,17,8,2016
3.2,16,8,2016
3.19,15,8,2016
3.19,12,8,2016
3.14,11,8,2016
3.13,10,8,2016
3.15,9,8,2016
3.17,8,8,2016
3.17,5,8,2016
3.19,4,8,2016
3.24,3,8,2016
3.26,2,8,2016
3.26,1,8,2016
3.25,29,7,2016
3.29,28,7,2016
3.26,27,7,2016
3.28,26,7,2016
3.29,25,7,2016
3.26,22,7,2016
3.27,21,7,2016
3.26,20,7,2016
3.25,19,7,2016
3.25,18,7,2016
3.28,15,7,2016
3.25,14,7,2016
3.26,13,7,2016
3.3,12,7,2016
3.31,11,7,2016
3.3,8,7,2016
3.37,7,7,2016
3.33,6,7,2016
3.3,5,7,2016
3.27,4,7,2016
3.24,1,7,2016
3.21,30,6,2016
3.22,29,6,2016
3.3,28,6,2016
3.39,27,6,2016
3.37,24,6,2016
3.34,23,6,2016
3.38,22,6,2016
3.42,21,6,2016
3.39,20,6,2016
3.42,17,6,2016
3.47,16,6,2016
3.47,15,6,2016
3.48,14,6,2016
3.48,13,6,2016
3.42,10,6,2016
3.4,9,6,2016
3.36,8,6,2016
3.44,7,6,2016
3.49,6,6,2016
3.52,3,6,2016
3.59,2,6,2016
3.6,1,6,2016
3.61,31,5,2016
3.57,30,5,2016
3.61,27,5,2016
3.58,26,5,2016
3.58,25,5,2016
3.57,24,5,2016
3.57,23,5,2016
3.52,20,5,2016
3.56,19,5,2016
3.57,18,5,2016
3.49,17,5,2016
3.5,16,5,2016
3.53,13,5,2016
3.49,12,5,2016
3.45,11,5,2016
3.48,10,5,2016
3.52,9,5,2016
3.5,6,5,2016
3.53,5,5,2016
3.55,4,5,2016
3.56,3,5,2016
3.5,2,5,2016
3.44,29,4,2016
3.49,28,4,2016
3.53,27,4,2016
3.53,26,4,2016
3.56,25,4,2016
3.56,22,4,2016
3.54,21,4,2016
3.53,20,4,2016
3.53,19,4,2016
3.62,18,4,2016
3.53,15,4,2016
3.48,14,4,2016
3.5,13,4,2016
3.49,12,4,2016
3.49,11,4,2016
3.59,8,4,2016
3.69,7,4,2016
3.64,6,4,2016
3.68,5,4,2016
3.62,4,4,2016
3.55,1,4,2016
3.59,31,3,2016
3.6,30,3,2016
3.64,29,3,2016
3.63,28,3,2016
3.68,25,3,2016
3.68,24,3,2016
3.69,23,3,2016
3.58,22,3,2016
3.62,21,3,2016
3.62,18,3,2016
3.63,17,3,2016
3.74,16,3,2016
3.77,15,3,2016
3.66,14,3,2016
3.58,11,3,2016
3.62,10,3,2016
3.68,9,3,2016
3.76,8,3,2016
3.78,7,3,2016
3.76,4,3,2016
3.8,3,3,2016
3.89,2,3,2016
3.93,1,3,2016
4.02,29,2,2016
3.99,26,2,2016
3.96,25,2,2016
3.96,24,2,2016
3.96,23,2,2016
3.95,22,2,2016
4.02,19,2,2016
4.03,18,2,2016
3.99,17,2,2016
4.07,16,2,2016
4.01,15,2,2016
4.0,12,2,2016
3.99,11,2,2016
3.93,10,2,2016
3.89,9,2,2016
3.9,8,2,2016
3.9,5,2,2016
3.89,4,2,2016
3.9,3,2,2016
3.99,2,2,2016
3.96,1,2,2016
4.0,29,1,2016
4.07,28,1,2016
4.11,27,1,2016
4.05,26,1,2016
4.09,25,1,2016
4.09,22,1,2016
4.16,21,1,2016
4.1,20,1,2016
4.06,19,1,2016
4.06,18,1,2016
4.05,15,1,2016
4.0,14,1,2016
4.02,13,1,2016
4.03,12,1,2016
4.05,11,1,2016
4.02,8,1,2016
4.04,7,1,2016
4.02,6,1,2016
4.01,5,1,2016
4.04,4,1,2016
3.96,1,1,2016
3.96,31,12,2015
3.96,30,12,2015
3.87,29,12,2015
3.86,28,12,2015
3.95,25,12,2015
3.95,24,12,2015
3.94,23,12,2015
3.99,22,12,2015
4.01,21,12,2015
3.98,18,12,2015
3.88,17,12,2015
3.88,16,12,2015
3.87,15,12,2015
3.88,14,12,2015
3.87,11,12,2015
3.81,10,12,2015
3.75,9,12,2015
3.8,8,12,2015
3.77,7,12,2015
3.75,4,12,2015
3.76,3,12,2015
3.84,2,12,2015
3.86,1,12,2015
3.87,30,11,2015
3.85,27,11,2015
3.74,26,11,2015
3.74,25,11,2015
3.7,24,11,2015
3.73,23,11,2015
3.71,20,11,2015
3.72,19,11,2015
3.77,18,11,2015
3.81,17,11,2015
3.82,16,11,2015
3.85,13,11,2015
3.77,12,11,2015
3.76,11,11,2015
3.75,10,11,2015
3.8,9,11,2015
3.77,6,11,2015
3.78,5,11,2015
3.8,4,11,2015
3.77,3,11,2015
3.85,2,11,2015
3.86,30,10,2015
3.85,29,10,2015
3.91,28,10,2015
3.89,27,10,2015
3.91,26,10,2015
3.88,23,10,2015
3.91,22,10,2015
3.94,21,10,2015
3.91,20,10,2015
3.89,19,10,2015
3.92,16,10,2015
3.8,15,10,2015
3.81,14,10,2015
3.89,13,10,2015
3.76,12,10,2015
3.77,9,10,2015
3.78,8,10,2015
3.88,7,10,2015
3.85,6,10,2015
3.91,5,10,2015
3.93,2,10,2015
4.01,1,10,2015
3.95,30,9,2015
4.06,29,9,2015
4.11,28,9,2015
3.98,25,9,2015
3.94,24,9,2015
4.18,23,9,2015
4.05,22,9,2015
3.99,21,9,2015
3.95,18,9,2015
3.9,17,9,2015
3.83,16,9,2015
3.86,15,9,2015
3.82,14,9,2015
3.87,11,9,2015
3.85,10,9,2015
3.78,9,9,2015
3.82,8,9,2015
3.84,7,9,2015
3.84,4,9,2015
3.74,3,9,2015
3.76,2,9,2015
3.7,1,9,2015
3.62,31,8,2015
3.58,28,8,2015
3.55,27,8,2015
3.6,26,8,2015
3.62,25,8,2015
3.55,24,8,2015
3.5,21,8,2015
3.46,20,8,2015
3.49,19,8,2015
3.47,18,8,2015
3.48,17,8,2015
3.48,14,8,2015
3.52,13,8,2015
3.48,12,8,2015
3.48,11,8,2015
3.43,10,8,2015
3.51,7,8,2015
3.54,6,8,2015
3.49,5,8,2015
3.47,4,8,2015
3.45,3,8,2015
3.42,31,7,2015
3.37,30,7,2015
3.33,29,7,2015
3.36,28,7,2015
3.36,27,7,2015
3.36,24,7,2015
3.29,23,7,2015
3.22,22,7,2015
3.17,21,7,2015
3.2,20,7,2015
3.19,17,7,2015
3.16,16,7,2015
3.14,15,7,2015
3.14,14,7,2015
3.13,13,7,2015
3.16,10,7,2015
3.22,9,7,2015
3.23,8,7,2015
3.19,7,7,2015
3.14,6,7,2015
3.13,3,7,2015
3.1,2,7,2015
3.15,1,7,2015
3.1,30,6,2015
3.12,29,6,2015
3.13,26,6,2015
3.13,25,6,2015
3.1,24,6,2015
3.08,23,6,2015
3.08,22,6,2015
3.1,19,6,2015
3.06,18,6,2015
3.06,17,6,2015
3.09,16,6,2015
3.13,15,6,2015
3.12,12,6,2015
3.09,11,6,2015
3.12,10,6,2015
3.1,9,6,2015
3.11,8,6,2015
3.14,5,6,2015
3.14,4,6,2015
3.13,3,6,2015
3.13,2,6,2015
3.17,1,6,2015
3.18,29,5,2015
3.16,28,5,2015
3.14,27,5,2015
3.15,26,5,2015
3.1,25,5,2015
3.09,22,5,2015
3.04,21,5,2015
3.0,20,5,2015
3.04,19,5,2015
3.01,18,5,2015
3.0,15,5,2015
2.99,14,5,2015
3.04,13,5,2015
3.02,12,5,2015
3.06,11,5,2015
2.97,8,5,2015
3.03,7,5,2015
3.03,6,5,2015
3.05,5,5,2015
3.09,4,5,2015
3.01,1,5,2015
3.01,30,4,2015
2.96,29,4,2015
2.94,28,4,2015
2.92,27,4,2015
2.95,24,4,2015
2.97,23,4,2015
3.01,22,4,2015
3.03,21,4,2015
3.03,20,4,2015
3.04,17,4,2015
3.02,16,4,2015
3.03,15,4,2015
3.06,14,4,2015
3.12,13,4,2015
3.08,10,4,2015
3.06,9,4,2015
3.05,8,4,2015
3.13,7,4,2015
3.13,6,4,2015
3.12,3,4,2015
3.12,2,4,2015
3.17,1,4,2015
3.2,31,3,2015
3.23,30,3,2015
3.25,27,3,2015
3.18,26,3,2015
3.2,25,3,2015
3.14,24,3,2015
3.13,23,3,2015
3.23,20,3,2015
3.29,19,3,2015
3.21,18,3,2015
3.24,17,3,2015
3.25,16,3,2015
3.25,13,3,2015
3.17,12,3,2015
3.13,11,3,2015
3.1,10,3,2015
3.12,9,3,2015
3.06,6,3,2015
3.0,5,3,2015
2.98,4,3,2015
2.93,3,3,2015
2.9,2,3,2015
2.84,27,2,2015
2.91,26,2,2015
2.88,25,2,2015
2.83,24,2,2015
2.88,23,2,2015
2.87,20,2,2015
2.87,19,2,2015
2.84,18,2,2015
2.83,17,2,2015
2.83,16,2,2015
2.83,13,2,2015
2.82,12,2,2015
2.87,11,2,2015
2.83,10,2,2015
2.77,9,2,2015
2.78,6,2,2015
2.75,5,2,2015
2.74,4,2,2015
2.69,3,2,2015
2.73,2,2,2015
2.68,30,1,2015
2.6,29,1,2015
2.58,28,1,2015
2.57,27,1,2015
2.58,26,1,2015
2.58,23,1,2015
2.57,22,1,2015
2.6,21,1,2015
2.61,20,1,2015
2.65,19,1,2015
2.62,16,1,2015
2.64,15,1,2015
2.62,14,1,2015
2.64,13,1,2015
2.67,12,1,2015
2.63,9,1,2015
2.66,8,1,2015
2.68,7,1,2015
2.7,6,1,2015
2.71,5,1,2015
2.69,2,1,2015
2.66,1,1,2015
2.66,31,12,2014
2.66,30,12,2014
2.7,29,12,2014
2.67,26,12,2014
2.7,25,12,2014
2.7,24,12,2014
2.69,23,12,2014
2.66,22,12,2014
2.66,19,12,2014
2.66,18,12,2014
2.72,17,12,2014
2.74,16,12,2014
2.7,15,12,2014
2.65,12,12,2014
2.65,11,12,2014
2.62,10,12,2014
2.59,9,12,2014
2.6,8,12,2014
2.59,5,12,2014
2.59,4,12,2014
2.55,3,12,2014
2.57,2,12,2014
2.56,1,12,2014
2.57,28,11,2014
2.53,27,11,2014
2.5,26,11,2014
2.53,25,11,2014
2.55,24,11,2014
2.52,21,11,2014
2.57,20,11,2014
2.57,19,11,2014
2.58,18,11,2014
2.61,17,11,2014
2.6,14,11,2014
2.59,13,11,2014
2.57,12,11,2014
2.56,11,11,2014
2.55,10,11,2014
2.56,7,11,2014
2.57,6,11,2014
2.5,5,11,2014
2.5,4,11,2014
2.5,3,11,2014
2.48,31,10,2014
2.4,30,10,2014
2.46,29,10,2014
2.46,28,10,2014
2.52,27,10,2014
2.47,24,10,2014
2.5,23,10,2014
2.49,22,10,2014
2.48,21,10,2014
2.47,20,10,2014
2.44,17,10,2014
2.47,16,10,2014
2.46,15,10,2014
2.4,14,10,2014
2.39,13,10,2014
2.43,10,10,2014
2.4,9,10,2014
2.38,8,10,2014
2.4,7,10,2014
2.42,6,10,2014
2.46,3,10,2014
2.5,2,10,2014
2.48,1,10,2014
2.45,30,9,2014
2.45,29,9,2014
2.42,26,9,2014
2.43,25,9,2014
2.38,24,9,2014
2.41,23,9,2014
2.4,22,9,2014
2.37,19,9,2014
2.36,18,9,2014
2.36,17,9,2014
2.33,16,9,2014
2.34,15,9,2014
2.34,12,9,2014
2.3,11,9,2014
2.29,10,9,2014
2.29,9,9,2014
2.27,8,9,2014
2.24,5,9,2014
2.24,4,9,2014
2.24,3,9,2014
2.24,2,9,2014
2.25,1,9,2014
2.24,29,8,2014
2.24,28,8,2014
2.25,27,8,2014
2.26,26,8,2014
2.29,25,8,2014
2.28,22,8,2014
2.27,21,8,2014
2.26,20,8,2014
2.25,19,8,2014
2.26,18,8,2014
2.26,15,8,2014
2.27,14,8,2014
2.28,13,8,2014
2.28,12,8,2014
2.28,11,8,2014
2.28,8,8,2014
2.3,7,8,2014
2.27,6,8,2014
2.28,5,8,2014
2.26,4,8,2014
2.26,1,8,2014
2.26,31,7,2014
2.25,30,7,2014
2.23,29,7,2014
2.22,28,7,2014
2.23,25,7,2014
2.22,24,7,2014
2.22,23,7,2014
2.21,22,7,2014
2.22,21,7,2014
2.23,18,7,2014
2.26,17,7,2014
2.22,16,7,2014
2.22,15,7,2014
2.21,14,7,2014
2.22,11,7,2014
2.22,10,7,2014
2.21,9,7,2014
2.21,8,7,2014
2.22,7,7,2014
2.21,4,7,2014
2.21,3,7,2014
2.23,2,7,2014
2.2,1,7,2014
2.21,30,6,2014
2.19,27,6,2014
2.2,26,6,2014
2.21,25,6,2014
2.23,24,6,2014
2.22,23,6,2014
2.23,20,6,2014
2.22,19,6,2014
2.23,18,6,2014
2.26,17,6,2014
2.23,16,6,2014
2.22,13,6,2014
2.23,12,6,2014
2.23,11,6,2014
2.22,10,6,2014
2.23,9,6,2014
2.25,6,6,2014
2.26,5,6,2014
2.28,4,6,2014
2.28,3,6,2014
2.28,2,6,2014
2.24,30,5,2014
2.23,29,5,2014
2.23,28,5,2014
2.24,27,5,2014
2.22,26,5,2014
2.22,23,5,2014
2.22,22,5,2014
2.21,21,5,2014
2.22,20,5,2014
2.21,19,5,2014
2.21,16,5,2014
2.22,15,5,2014
2.2,14,5,2014
2.22,13,5,2014
2.21,12,5,2014
2.21,9,5,2014
2.22,8,5,2014
2.22,7,5,2014
2.23,6,5,2014
2.24,5,5,2014
2.22,2,5,2014
2.23,1,5,2014
2.23,30,4,2014
2.24,29,4,2014
2.22,28,4,2014
2.24,25,4,2014
2.21,24,4,2014
2.22,23,4,2014
2.24,22,4,2014
2.24,21,4,2014
2.24,18,4,2014
2.24,17,4,2014
2.24,16,4,2014
2.23,15,4,2014
2.21,14,4,2014
2.22,11,4,2014
2.21,10,4,2014
2.19,9,4,2014
2.2,8,4,2014
2.22,7,4,2014
2.24,4,4,2014
2.28,3,4,2014
2.27,2,4,2014
2.26,1,4,2014
2.27,31,3,2014
2.26,28,3,2014
2.26,27,3,2014
2.3,26,3,2014
2.31,25,3,2014
2.32,24,3,2014
2.32,21,3,2014
2.33,20,3,2014
2.35,19,3,2014
2.33,18,3,2014
2.35,17,3,2014
2.35,14,3,2014
2.36,13,3,2014
2.35,12,3,2014
2.36,11,3,2014
2.35,10,3,2014
2.34,7,3,2014
2.32,6,3,2014
2.32,5,3,2014
2.34,4,3,2014
2.34,3,3,2014
2.34,28,2,2014
2.32,27,2,2014
2.35,26,2,2014
2.34,25,2,2014
2.34,24,2,2014
2.35,21,2,2014
2.37,20,2,2014
2.39,19,2,2014
2.4,18,2,2014
2.39,17,2,2014
2.39,14,2,2014
2.39,13,2,2014
2.43,12,2,2014
2.4,11,2,2014
2.41,10,2,2014
2.38,7,2,2014
2.38,6,2,2014
2.4,5,2,2014
2.41,4,2,2014
2.44,3,2,2014
2.41,31,1,2014
2.41,30,1,2014
2.44,29,1,2014
2.43,28,1,2014
2.42,27,1,2014
2.4,24,1,2014
2.4,23,1,2014
2.37,22,1,2014
2.36,21,1,2014
2.34,20,1,2014
2.34,17,1,2014
2.36,16,1,2014
2.36,15,1,2014
2.35,14,1,2014
2.36,13,1,2014
2.36,10,1,2014
2.39,9,1,2014
2.4,8,1,2014
2.37,7,1,2014
2.38,6,1,2014
2.38,3,1,2014
2.39,2,1,2014
2.36,1,1,2014
2.36,31,12,2013
2.36,30,12,2013
2.34,27,12,2013
2.35,26,12,2013
2.36,25,12,2013
2.36,24,12,2013
2.36,23,12,2013
2.39,20,12,2013
2.35,19,12,2013
2.33,18,12,2013
2.32,17,12,2013
2.33,16,12,2013
2.33,13,12,2013
2.33,12,12,2013
2.34,11,12,2013
2.31,10,12,2013
2.32,9,12,2013
2.33,6,12,2013
2.36,5,12,2013
2.39,4,12,2013
2.38,3,12,2013
2.36,2,12,2013
2.34,29,11,2013
2.32,28,11,2013
2.33,27,11,2013
2.3,26,11,2013
2.28,25,11,2013
2.28,22,11,2013
2.31,21,11,2013
2.27,20,11,2013
2.27,19,11,2013
2.26,18,11,2013
2.32,15,11,2013
2.31,14,11,2013
2.33,13,11,2013
2.33,12,11,2013
2.33,11,11,2013
2.31,8,11,2013
2.31,7,11,2013
2.29,6,11,2013
2.28,5,11,2013
2.25,4,11,2013
2.26,1,11,2013
2.24,31,10,2013
2.18,30,10,2013
2.18,29,10,2013
2.18,28,10,2013
2.19,25,10,2013
2.2,24,10,2013
2.19,23,10,2013
2.17,22,10,2013
2.17,21,10,2013
2.17,18,10,2013
2.15,17,10,2013
2.18,16,10,2013
2.18,15,10,2013
2.18,14,10,2013
2.17,11,10,2013
2.18,10,10,2013
2.21,9,10,2013
2.21,8,10,2013
2.2,7,10,2013
2.21,4,10,2013
2.21,3,10,2013
2.19,2,10,2013
2.22,1,10,2013
2.22,30,9,2013
2.25,27,9,2013
2.25,26,9,2013
2.23,25,9,2013
2.2,24,9,2013
2.2,23,9,2013
2.21,20,9,2013
2.2,19,9,2013
2.19,18,9,2013
2.26,17,9,2013
2.28,16,9,2013
2.28,13,9,2013
2.28,12,9,2013
2.28,11,9,2013
2.28,10,9,2013
2.28,9,9,2013
2.31,6,9,2013
2.32,5,9,2013
2.36,4,9,2013
2.36,3,9,2013
2.38,2,9,2013
2.39,30,8,2013
2.36,29,8,2013
2.34,28,8,2013
2.37,27,8,2013
2.38,26,8,2013
2.35,23,8,2013
2.43,22,8,2013
2.45,21,8,2013
2.39,20,8,2013
2.41,19,8,2013
2.39,16,8,2013
2.34,15,8,2013
2.32,14,8,2013
2.31,13,8,2013
2.29,12,8,2013
2.27,9,8,2013
2.28,8,8,2013
2.31,7,8,2013
2.3,6,8,2013
2.31,5,8,2013
2.29,2,8,2013
2.3,1,8,2013
2.28,31,7,2013
2.28,30,7,2013
2.27,29,7,2013
2.26,26,7,2013
2.24,25,7,2013
2.25,24,7,2013
2.21,23,7,2013
2.23,22,7,2013
2.25,19,7,2013
2.23,18,7,2013
2.23,17,7,2013
2.25,16,7,2013
2.22,15,7,2013
2.27,12,7,2013
2.25,11,7,2013
2.26,10,7,2013
2.26,9,7,2013
2.26,8,7,2013
2.25,5,7,2013
2.25,4,7,2013
2.27,3,7,2013
2.25,2,7,2013
2.23,1,7,2013
2.23,28,6,2013
2.2,27,6,2013
2.19,26,6,2013
2.21,25,6,2013
2.23,24,6,2013
2.24,21,6,2013
2.26,20,6,2013
2.22,19,6,2013
2.18,18,6,2013
2.17,17,6,2013
2.15,14,6,2013
2.12,13,6,2013
2.16,12,6,2013
2.13,11,6,2013
2.15,10,6,2013
2.13,7,6,2013
2.13,6,6,2013
2.13,5,6,2013
2.13,4,6,2013
2.12,3,6,2013
2.14,31,5,2013
2.11,30,5,2013
2.11,29,5,2013
2.08,28,5,2013
2.05,27,5,2013
2.05,24,5,2013
2.04,23,5,2013
2.05,22,5,2013
2.04,21,5,2013
2.04,20,5,2013
2.04,17,5,2013
2.03,16,5,2013
2.02,15,5,2013
2.02,14,5,2013
2.01,13,5,2013
2.02,10,5,2013
2.01,9,5,2013
2.01,8,5,2013
2.01,7,5,2013
2.01,6,5,2013
2.01,3,5,2013
2.01,2,5,2013
2.0,1,5,2013
2.0,30,4,2013
2.01,29,4,2013
2.0,26,4,2013
2.0,25,4,2013
2.01,24,4,2013
2.02,23,4,2013
2.02,22,4,2013
2.01,19,4,2013
2.02,18,4,2013
2.0,17,4,2013
1.99,16,4,2013
2.0,15,4,2013
1.97,12,4,2013
1.97,11,4,2013
1.97,10,4,2013
1.98,9,4,2013
1.99,8,4,2013
1.99,5,4,2013
2.01,4,4,2013
2.02,3,4,2013
2.02,2,4,2013
2.02,1,4,2013
2.02,29,3,2013
2.02,28,3,2013
2.01,27,3,2013
2.02,26,3,2013
2.01,25,3,2013
2.01,22,3,2013
2.01,21,3,2013
1.99,20,3,2013
1.99,19,3,2013
1.98,18,3,2013
1.98,15,3,2013
1.97,14,3,2013
1.97,13,3,2013
1.96,12,3,2013
1.96,11,3,2013
1.94,8,3,2013
1.96,7,3,2013
1.97,6,3,2013
1.96,5,3,2013
1.97,4,3,2013
1.98,1,3,2013
1.98,28,2,2013
1.97,27,2,2013
1.98,26,2,2013
1.98,25,2,2013
1.97,22,2,2013
1.97,21,2,2013
1.96,20,2,2013
1.95,19,2,2013
1.96,18,2,2013
1.97,15,2,2013
1.96,14,2,2013
1.96,13,2,2013
1.97,12,2,2013
1.97,11,2,2013
1.97,8,2,2013
1.97,7,2,2013
1.99,6,2,2013
1.98,5,2,2013
2.0,4,2,2013
1.99,1,2,2013
1.99,31,1,2013
1.99,30,1,2013
1.99,29,1,2013
2.0,28,1,2013
2.03,25,1,2013
2.03,24,1,2013
2.04,23,1,2013
2.04,22,1,2013
2.04,21,1,2013
2.04,18,1,2013
2.04,17,1,2013
2.04,16,1,2013
2.04,15,1,2013
2.03,14,1,2013
2.03,11,1,2013
2.03,10,1,2013
2.04,9,1,2013
2.04,8,1,2013
2.03,7,1,2013
2.03,4,1,2013
2.05,3,1,2013
2.05,2,1,2013
2.05,1,1,2013
2.05,31,12,2012
2.05,28,12,2012
2.04,27,12,2012
2.05,26,12,2012
2.08,25,12,2012
2.08,24,12,2012
2.08,21,12,2012
2.07,20,12,2012
2.07,19,12,2012
2.09,18,12,2012
2.1,17,12,2012
2.09,14,12,2012
2.09,13,12,2012
2.07,12,12,2012
2.08,11,12,2012
2.08,10,12,2012
2.07,7,12,2012
2.08,6,12,2012
2.09,5,12,2012
2.12,4,12,2012
2.12,3,12,2012
2.14,30,11,2012
2.1,29,11,2012
2.09,28,11,2012
2.08,27,11,2012
2.08,26,11,2012
2.08,23,11,2012
2.1,22,11,2012
2.1,21,11,2012
2.08,20,11,2012
2.08,19,11,2012
2.08,16,11,2012
2.07,15,11,2012
2.07,14,11,2012
2.06,13,11,2012
2.05,12,11,2012
2.05,9,11,2012
2.04,8,11,2012
2.03,7,11,2012
2.03,6,11,2012
2.04,5,11,2012
2.03,2,11,2012
2.03,1,11,2012
2.03,31,10,2012
2.03,30,10,2012
2.03,29,10,2012
2.03,26,10,2012
2.03,25,10,2012
2.03,24,10,2012
2.03,23,10,2012
2.02,22,10,2012
2.03,19,10,2012
2.03,18,10,2012
2.03,17,10,2012
2.03,16,10,2012
2.04,15,10,2012
2.04,12,10,2012
2.04,11,10,2012
2.04,10,10,2012
2.04,9,10,2012
2.03,8,10,2012
2.03,5,10,2012
2.02,4,10,2012
2.02,3,10,2012
2.03,2,10,2012
2.03,1,10,2012
2.03,28,9,2012
2.03,27,9,2012
2.04,26,9,2012
2.03,25,9,2012
2.03,24,9,2012
2.02,21,9,2012
2.02,20,9,2012
2.02,19,9,2012
2.02,18,9,2012
2.03,17,9,2012
2.01,14,9,2012
2.02,13,9,2012
2.03,12,9,2012
2.02,11,9,2012
2.02,10,9,2012
2.03,7,9,2012
2.03,6,9,2012
2.04,5,9,2012
2.04,4,9,2012
2.03,3,9,2012
2.03,31,8,2012
2.05,30,8,2012
2.05,29,8,2012
2.04,28,8,2012
2.03,27,8,2012
2.03,24,8,2012
2.02,23,8,2012
2.02,22,8,2012
2.02,21,8,2012
2.02,20,8,2012
2.02,17,8,2012
2.02,16,8,2012
2.02,15,8,2012
2.03,14,8,2012
2.02,13,8,2012
2.01,10,8,2012
2.01,9,8,2012
2.02,8,8,2012
2.03,7,8,2012
2.03,6,8,2012
2.03,3,8,2012
2.05,2,8,2012
2.04,1,8,2012
2.06,31,7,2012
2.04,30,7,2012
2.02,27,7,2012
2.02,26,7,2012
2.03,25,7,2012
2.05,24,7,2012
2.04,23,7,2012
2.02,20,7,2012
2.01,19,7,2012
2.02,18,7,2012
2.02,17,7,2012
2.03,16,7,2012
2.04,13,7,2012
2.04,12,7,2012
2.03,11,7,2012
2.03,10,7,2012
2.03,9,7,2012
2.03,6,7,2012
2.02,5,7,2012
2.03,4,7,2012
2.02,3,7,2012
1.98,2,7,2012
2.01,29,6,2012
2.08,28,6,2012
2.08,27,6,2012
2.07,26,6,2012
2.06,25,6,2012
2.07,22,6,2012
2.06,21,6,2012
2.03,20,6,2012
2.03,19,6,2012
2.06,18,6,2012
2.05,15,6,2012
2.06,14,6,2012
2.07,13,6,2012
2.07,12,6,2012
2.07,11,6,2012
2.02,8,6,2012
2.03,7,6,2012
2.03,6,6,2012
2.02,5,6,2012
2.06,4,6,2012
2.04,1,6,2012
2.02,31,5,2012
2.02,30,5,2012
1.99,29,5,2012
1.98,28,5,2012
1.98,25,5,2012
2.03,24,5,2012
2.03,23,5,2012
2.09,22,5,2012
2.04,21,5,2012
2.02,18,5,2012
2.01,17,5,2012
2.0,16,5,2012
2.0,15,5,2012
2.0,14,5,2012
1.97,11,5,2012
1.95,10,5,2012
1.97,9,5,2012
1.94,8,5,2012
1.92,7,5,2012
1.93,4,5,2012
1.91,3,5,2012
1.92,2,5,2012
1.9,1,5,2012
1.91,30,4,2012
1.89,27,4,2012
1.89,26,4,2012
1.88,25,4,2012
1.88,24,4,2012
1.88,23,4,2012
1.87,20,4,2012
1.88,19,4,2012
1.88,18,4,2012
1.86,17,4,2012
1.85,16,4,2012
1.84,13,4,2012
1.83,12,4,2012
1.84,11,4,2012
1.83,10,4,2012
1.82,9,4,2012
1.82,6,4,2012
1.82,5,4,2012
1.83,4,4,2012
1.83,3,4,2012
1.83,2,4,2012
1.83,30,3,2012
1.82,29,3,2012
1.82,28,3,2012
1.82,27,3,2012
1.82,26,3,2012
1.81,23,3,2012
1.82,22,3,2012
1.82,21,3,2012
1.81,20,3,2012
1.82,19,3,2012
1.8,16,3,2012
1.8,15,3,2012
1.81,14,3,2012
1.79,13,3,2012
1.8,12,3,2012
1.79,9,3,2012
1.76,8,3,2012
1.77,7,3,2012
1.76,6,3,2012
1.74,5,3,2012
1.73,2,3,2012
1.71,1,3,2012
1.72,29,2,2012
1.7,28,2,2012
1.71,27,2,2012
1.71,24,2,2012
1.71,23,2,2012
1.71,22,2,2012
1.72,21,2,2012
1.72,20,2,2012
1.72,17,2,2012
1.72,16,2,2012
1.73,15,2,2012
1.72,14,2,2012
1.72,13,2,2012
1.72,10,2,2012
1.72,9,2,2012
1.72,8,2,2012
1.73,7,2,2012
1.73,6,2,2012
1.72,3,2,2012
1.72,2,2,2012
1.73,1,2,2012
1.75,31,1,2012
1.75,30,1,2012
1.74,27,1,2012
1.75,26,1,2012
1.76,25,1,2012
1.76,24,1,2012
1.76,23,1,2012
1.75,20,1,2012
1.77,19,1,2012
1.76,18,1,2012
1.79,17,1,2012
1.79,16,1,2012
1.78,13,1,2012
1.78,12,1,2012
1.8,11,1,2012
1.8,10,1,2012
1.83,9,1,2012
1.86,6,1,2012
1.84,5,1,2012
1.83,4,1,2012
1.83,3,1,2012
1.87,2,1,2012
1.86,30,12,2011
1.87,29,12,2011
1.87,28,12,2011
1.86,27,12,2011
1.86,26,12,2011
1.86,23,12,2011
1.86,22,12,2011
1.86,21,12,2011
1.84,20,12,2011
1.87,19,12,2011
1.85,16,12,2011
1.86,15,12,2011
1.88,14,12,2011
1.86,13,12,2011
1.84,12,12,2011
1.8,9,12,2011
1.82,8,12,2011
1.8,7,12,2011
1.79,6,12,2011
1.79,5,12,2011
1.79,2,12,2011
1.8,1,12,2011
1.81,30,11,2011
1.84,29,11,2011
1.85,28,11,2011
1.89,25,11,2011
1.9,24,11,2011
1.87,23,11,2011
1.82,22,11,2011
1.81,21,11,2011
1.79,18,11,2011
1.78,17,11,2011
1.77,16,11,2011
1.77,15,11,2011
1.77,14,11,2011
1.74,11,11,2011
1.76,10,11,2011
1.78,9,11,2011
1.73,8,11,2011
1.75,7,11,2011
1.75,4,11,2011
1.74,3,11,2011
1.74,2,11,2011
1.74,1,11,2011
1.72,31,10,2011
1.67,28,10,2011
1.71,27,10,2011
1.76,26,10,2011
1.77,25,10,2011
1.75,24,10,2011
1.77,21,10,2011
1.78,20,10,2011
1.77,19,10,2011
1.75,18,10,2011
1.77,17,10,2011
1.73,14,10,2011
1.75,13,10,2011
1.78,12,10,2011
1.78,11,10,2011
1.76,10,10,2011
1.77,7,10,2011
1.78,6,10,2011
1.83,5,10,2011
1.86,4,10,2011
1.89,3,10,2011
1.88,30,9,2011
1.84,29,9,2011
1.84,28,9,2011
1.8,27,9,2011
1.82,26,9,2011
1.83,23,9,2011
1.9,22,9,2011
1.88,21,9,2011
1.79,20,9,2011
1.8,19,9,2011
1.73,16,9,2011
1.7,15,9,2011
1.71,14,9,2011
1.71,13,9,2011
1.7,12,9,2011
1.67,9,9,2011
1.66,8,9,2011
1.65,7,9,2011
1.66,6,9,2011
1.65,5,9,2011
1.64,2,9,2011
1.62,1,9,2011
1.59,31,8,2011
1.6,30,8,2011
1.59,29,8,2011
1.6,26,8,2011
1.61,25,8,2011
1.61,24,8,2011
1.6,23,8,2011
1.61,22,8,2011
1.6,19,8,2011
1.6,18,8,2011
1.59,17,8,2011
1.59,16,8,2011
1.59,15,8,2011
1.61,12,8,2011
1.63,11,8,2011
1.62,10,8,2011
1.59,9,8,2011
1.63,8,8,2011
1.58,5,8,2011
1.59,4,8,2011
1.56,3,8,2011
1.57,2,8,2011
1.57,1,8,2011
1.55,29,7,2011
1.57,28,7,2011
1.56,27,7,2011
1.54,26,7,2011
1.54,25,7,2011
1.55,22,7,2011
1.55,21,7,2011
1.57,20,7,2011
1.57,19,7,2011
1.58,18,7,2011
1.57,15,7,2011
1.58,14,7,2011
1.57,13,7,2011
1.58,12,7,2011
1.58,11,7,2011
1.57,8,7,2011
1.56,7,7,2011
1.57,6,7,2011
1.57,5,7,2011
1.55,4,7,2011
1.56,1,7,2011
1.56,30,6,2011
1.57,29,6,2011
1.58,28,6,2011
1.59,27,6,2011
1.6,24,6,2011
1.59,23,6,2011
1.59,22,6,2011
1.59,21,6,2011
1.6,20,6,2011
1.6,17,6,2011
1.6,16,6,2011
1.6,15,6,2011
1.58,14,6,2011
1.58,13,6,2011
1.6,10,6,2011
1.58,9,6,2011
1.58,8,6,2011
1.58,7,6,2011
1.58,6,6,2011
1.58,3,6,2011
1.58,2,6,2011
1.59,1,6,2011
1.58,31,5,2011
1.59,30,5,2011
1.59,27,5,2011
1.62,26,5,2011
1.63,25,5,2011
1.62,24,5,2011
1.63,23,5,2011
1.62,20,5,2011
1.62,19,5,2011
1.61,18,5,2011
1.62,17,5,2011
1.63,16,5,2011
1.64,13,5,2011
1.62,12,5,2011
1.62,11,5,2011
1.6,10,5,2011
1.61,9,5,2011
1.62,6,5,2011
1.62,5,5,2011
1.62,4,5,2011
1.59,3,5,2011
1.59,2,5,2011
1.58,29,4,2011
1.58,28,4,2011
1.57,27,4,2011
1.56,26,4,2011
1.57,25,4,2011
1.56,22,4,2011
1.56,21,4,2011
1.57,20,4,2011
1.58,19,4,2011
1.59,18,4,2011
1.58,15,4,2011
1.58,14,4,2011
1.59,13,4,2011
1.6,12,4,2011
1.58,11,4,2011
1.57,8,4,2011
1.59,7,4,2011
1.61,6,4,2011
1.61,5,4,2011
1.61,4,4,2011
1.63,1,4,2011
1.63,31,3,2011
1.63,30,3,2011
1.65,29,3,2011
1.66,28,3,2011
1.66,25,3,2011
1.66,24,3,2011
1.66,23,3,2011
1.66,22,3,2011
1.67,21,3,2011
1.67,18,3,2011
1.68,17,3,2011
1.68,16,3,2011
1.67,15,3,2011
1.66,14,3,2011
1.66,11,3,2011
1.66,10,3,2011
1.65,9,3,2011
1.65,8,3,2011
1.65,7,3,2011
1.66,4,3,2011
1.65,3,3,2011
1.66,2,3,2011
1.66,1,3,2011
1.66,28,2,2011
1.66,25,2,2011
1.66,24,2,2011
1.67,23,2,2011
1.67,22,2,2011
1.67,21,2,2011
1.66,18,2,2011
1.66,17,2,2011
1.67,16,2,2011
1.67,15,2,2011
1.67,14,2,2011
1.67,11,2,2011
1.67,10,2,2011
1.66,9,2,2011
1.66,8,2,2011
1.68,7,2,2011
1.67,4,2,2011
1.67,3,2,2011
1.67,2,2,2011
1.66,1,2,2011
1.67,31,1,2011
1.68,28,1,2011
1.68,27,1,2011
1.67,26,1,2011
1.67,25,1,2011
1.67,24,1,2011
1.68,21,1,2011
1.67,20,1,2011
1.67,19,1,2011
1.67,18,1,2011
1.68,17,1,2011
1.69,14,1,2011
1.67,13,1,2011
1.67,12,1,2011
1.68,11,1,2011
1.69,10,1,2011
1.68,7,1,2011
1.69,6,1,2011
1.67,5,1,2011
1.66,4,1,2011
1.65,3,1,2011
1.66,31,12,2010
1.66,30,12,2010
1.68,29,12,2010
1.69,28,12,2010
1.69,27,12,2010
1.69,24,12,2010
1.69,23,12,2010
1.7,22,12,2010
1.7,21,12,2010
1.71,20,12,2010
1.71,17,12,2010
1.7,16,12,2010
1.71,15,12,2010
1.7,14,12,2010
1.69,13,12,2010
1.71,10,12,2010
1.71,9,12,2010
1.69,8,12,2010
1.68,7,12,2010
1.67,6,12,2010
1.69,3,12,2010
1.7,2,12,2010
1.71,1,12,2010
1.72,30,11,2010
1.72,29,11,2010
1.73,26,11,2010
1.72,25,11,2010
1.72,24,11,2010
1.74,23,11,2010
1.72,22,11,2010
1.72,19,11,2010
1.71,18,11,2010
1.73,17,11,2010
1.74,16,11,2010
1.72,15,11,2010
1.72,12,11,2010
1.72,11,11,2010
1.71,10,11,2010
1.7,9,11,2010
1.7,8,11,2010
1.68,5,11,2010
1.67,4,11,2010
1.69,3,11,2010
1.7,2,11,2010
1.7,1,11,2010
1.7,29,10,2010
1.7,28,10,2010
1.72,27,10,2010
1.7,26,10,2010
1.7,25,10,2010
1.71,22,10,2010
1.7,21,10,2010
1.68,20,10,2010
1.68,19,10,2010
1.67,18,10,2010
1.67,15,10,2010
1.66,14,10,2010
1.65,13,10,2010
1.67,12,10,2010
1.67,11,10,2010
1.67,8,10,2010
1.68,7,10,2010
1.68,6,10,2010
1.66,5,10,2010
1.7,4,10,2010
1.69,1,10,2010
1.69,30,9,2010
1.7,29,9,2010
1.71,28,9,2010
1.71,27,9,2010
1.71,24,9,2010
1.72,23,9,2010
1.72,22,9,2010
1.71,21,9,2010
1.73,20,9,2010
1.72,17,9,2010
1.71,16,9,2010
1.72,15,9,2010
1.71,14,9,2010
1.71,13,9,2010
1.72,10,9,2010
1.72,9,9,2010
1.73,8,9,2010
1.73,7,9,2010
1.73,6,9,2010
1.73,3,9,2010
1.73,2,9,2010
1.74,1,9,2010
1.76,31,8,2010
1.76,30,8,2010
1.75,27,8,2010
1.76,26,8,2010
1.76,25,8,2010
1.77,24,8,2010
1.77,23,8,2010
1.76,20,8,2010
1.76,19,8,2010
1.75,18,8,2010
1.75,17,8,2010
1.76,16,8,2010
1.77,13,8,2010
1.77,12,8,2010
1.77,11,8,2010
1.75,10,8,2010
1.75,9,8,2010
1.76,6,8,2010
1.75,5,8,2010
1.75,4,8,2010
1.76,3,8,2010
1.75,2,8,2010
1.75,30,7,2010
1.76,29,7,2010
1.77,28,7,2010
1.77,27,7,2010
1.76,26,7,2010
1.77,23,7,2010
1.76,22,7,2010
1.78,21,7,2010
1.77,20,7,2010
1.79,19,7,2010
1.78,16,7,2010
1.76,15,7,2010
1.76,14,7,2010
1.75,13,7,2010
1.76,12,7,2010
1.76,9,7,2010
1.76,8,7,2010
1.77,7,7,2010
1.78,6,7,2010
1.78,5,7,2010
1.77,2,7,2010
1.79,1,7,2010
1.8,30,6,2010
1.81,29,6,2010
1.78,28,6,2010
1.78,25,6,2010
1.78,24,6,2010
1.79,23,6,2010
1.79,22,6,2010
1.77,21,6,2010
1.77,18,6,2010
1.78,17,6,2010
1.79,16,6,2010
1.78,15,6,2010
1.81,14,6,2010
1.81,11,6,2010
1.8,10,6,2010
1.85,9,6,2010
1.85,8,6,2010
1.88,7,6,2010
1.86,4,6,2010
1.82,3,6,2010
1.82,2,6,2010
1.85,1,6,2010
1.82,31,5,2010
1.82,28,5,2010
1.81,27,5,2010
1.87,26,5,2010
1.84,25,5,2010
1.87,24,5,2010
1.85,21,5,2010
1.88,20,5,2010
1.83,19,5,2010
1.82,18,5,2010
1.8,17,5,2010
1.8,14,5,2010
1.77,13,5,2010
1.77,12,5,2010
1.79,11,5,2010
1.77,10,5,2010
1.84,7,5,2010
1.85,6,5,2010
1.79,5,5,2010
1.76,4,5,2010
1.73,3,5,2010
1.74,30,4,2010
1.73,29,4,2010
1.75,28,4,2010
1.77,27,4,2010
1.75,26,4,2010
1.76,23,4,2010
1.76,22,4,2010
1.75,21,4,2010
1.75,20,4,2010
1.76,19,4,2010
1.76,16,4,2010
1.75,15,4,2010
1.74,14,4,2010
1.75,13,4,2010
1.75,12,4,2010
1.77,9,4,2010
1.78,8,4,2010
1.78,7,4,2010
1.75,6,4,2010
1.76,5,4,2010
1.76,2,4,2010
1.76,1,4,2010
1.78,31,3,2010
1.79,30,3,2010
1.79,29,3,2010
1.82,26,3,2010
1.82,25,3,2010
1.8,24,3,2010
1.78,23,3,2010
1.79,22,3,2010
1.8,19,3,2010
1.79,18,3,2010
1.77,17,3,2010
1.77,16,3,2010
1.76,15,3,2010
1.76,12,3,2010
1.76,11,3,2010
1.77,10,3,2010
1.78,9,3,2010
1.79,8,3,2010
1.78,5,3,2010
1.79,4,3,2010
1.79,3,3,2010
1.79,2,3,2010
1.8,1,3,2010
1.81,26,2,2010
1.82,25,2,2010
1.82,24,2,2010
1.83,23,2,2010
1.81,22,2,2010
1.8,19,2,2010
1.83,18,2,2010
1.83,17,2,2010
1.84,16,2,2010
1.85,15,2,2010
1.85,12,2,2010
1.85,11,2,2010
1.86,10,2,2010
1.85,9,2,2010
1.88,8,2,2010
1.88,5,2,2010
1.87,4,2,2010
1.85,3,2,2010
1.83,2,2,2010
1.86,1,2,2010
1.88,29,1,2010
1.87,28,1,2010
1.85,27,1,2010
1.84,26,1,2010
1.82,25,1,2010
1.82,22,1,2010
1.8,21,1,2010
1.79,20,1,2010
1.77,19,1,2010
1.76,18,1,2010
1.77,15,1,2010
1.76,14,1,2010
1.76,13,1,2010
1.75,12,1,2010
1.74,11,1,2010
1.73,8,1,2010
1.75,7,1,2010
1.73,6,1,2010
1.73,5,1,2010
1.72,4,1,2010
1.74,1,1,2010
