Data,USD_BRL,Dia,Mes,Ano
2019-12-31,4.02,31,12,2019
2019-12-30,4.02,30,12,2019
2019-12-27,4.05,27,12,2019
2019-12-26,4.06,26,12,2019
2019-12-25,4.08,25,12,2019
2019-12-24,4.08,24,12,2019
2019-12-23,4.08,23,12,2019
2019-12-20,4.1,20,12,2019
2019-12-19,4.07,19,12,2019
2019-12-18,4.06,18,12,2019
2019-12-17,4.07,17,12,2019
2019-12-16,4.06,16,12,2019
2019-12-13,4.11,13,12,2019
2019-12-12,4.09,12,12,2019
2019-12-11,4.12,11,12,2019
2019-12-10,4.15,10,12,2019
2019-12-09,4.14,9,12,2019
2019-12-06,4.14,6,12,2019
2019-12-05,4.19,5,12,2019
2019-12-04,4.21,4,12,2019
2019-12-03,4.21,3,12,2019
2019-12-02,4.22,2,12,2019
2019-11-29,4.24,29,11,2019
2019-11-28,4.19,28,11,2019
2019-11-27,4.26,27,11,2019
2019-11-26,4.23,26,11,2019
2019-11-25,4.23,25,11,2019
2019-11-22,4.2,22,11,2019
2019-11-21,4.19,21,11,2019
2019-11-20,4.2,20,11,2019
2019-11-19,4.19,19,11,2019
2019-11-18,4.22,18,11,2019
2019-11-15,4.2,15,11,2019
2019-11-14,4.2,14,11,2019
2019-11-13,4.17,13,11,2019
2019-11-12,4.17,12,11,2019
2019-11-11,4.15,11,11,2019
2019-11-08,4.16,8,11,2019
2019-11-07,4.1,7,11,2019
2019-11-06,4.08,6,11,2019
2019-11-05,3.99,5,11,2019
2019-11-04,4.02,4,11,2019
2019-11-01,3.99,1,11,2019
2019-10-31,4.02,31,10,2019
2019-10-30,3.99,30,10,2019
2019-10-29,4.0,29,10,2019
2019-10-28,3.99,28,10,2019
2019-10-25,4.0,25,10,2019
2019-10-24,4.04,24,10,2019
2019-10-23,4.03,23,10,2019
2019-10-22,4.08,22,10,2019
2019-10-21,4.13,21,10,2019
2019-10-18,4.11,18,10,2019
2019-10-17,4.16,17,10,2019
2019-10-16,4.15,16,10,2019
2019-10-15,4.18,15,10,2019
2019-10-14,4.13,14,10,2019
2019-10-11,4.11,11,10,2019
2019-10-10,4.11,10,10,2019
2019-10-09,4.11,9,10,2019
2019-10-08,4.1,8,10,2019
2019-10-07,4.11,7,10,2019
2019-10-04,4.06,4,10,2019
2019-10-03,4.08,3,10,2019
2019-10-02,4.13,2,10,2019
2019-10-01,4.16,1,10,2019
2019-09-30,4.16,30,9,2019
2019-09-27,4.16,27,9,2019
2019-09-26,4.17,26,9,2019
2019-09-25,4.15,25,9,2019
2019-09-24,4.16,24,9,2019
2019-09-23,4.16,23,9,2019
2019-09-20,4.15,20,9,2019
2019-09-19,4.17,19,9,2019
2019-09-18,4.11,18,9,2019
2019-09-17,4.08,17,9,2019
2019-09-16,4.08,16,9,2019
2019-09-13,4.08,13,9,2019
2019-09-12,4.06,12,9,2019
2019-09-11,4.07,11,9,2019
2019-09-10,4.08,10,9,2019
2019-09-09,4.1,9,9,2019
2019-09-06,4.06,6,9,2019
2019-09-05,4.11,5,9,2019
2019-09-04,4.1,4,9,2019
2019-09-03,4.17,3,9,2019
2019-09-02,4.19,2,9,2019
2019-08-30,4.15,30,8,2019
2019-08-29,4.17,29,8,2019
2019-08-28,4.17,28,8,2019
2019-08-27,4.13,27,8,2019
2019-08-26,4.16,26,8,2019
2019-08-23,4.12,23,8,2019
2019-08-22,4.07,22,8,2019
2019-08-21,4.03,21,8,2019
2019-08-20,4.05,20,8,2019
2019-08-19,4.07,19,8,2019
2019-08-16,4.01,16,8,2019
2019-08-15,3.99,15,8,2019
2019-08-14,4.05,14,8,2019
2019-08-13,3.97,13,8,2019
2019-08-12,3.99,12,8,2019
2019-08-09,3.94,9,8,2019
2019-08-08,3.92,8,8,2019
2019-08-07,3.97,7,8,2019
2019-08-06,3.96,6,8,2019
2019-08-05,3.98,5,8,2019
2019-08-02,3.89,2,8,2019
2019-08-01,3.84,1,8,2019
2019-07-31,3.81,31,7,2019
2019-07-30,3.79,30,7,2019
2019-07-29,3.78,29,7,2019
2019-07-26,3.78,26,7,2019
2019-07-25,3.78,25,7,2019
2019-07-24,3.77,24,7,2019
2019-07-23,3.77,23,7,2019
2019-07-22,3.74,22,7,2019
2019-07-19,3.75,19,7,2019
2019-07-18,3.72,18,7,2019
2019-07-17,3.76,17,7,2019
2019-07-16,3.77,16,7,2019
2019-07-15,3.76,15,7,2019
2019-07-12,3.74,12,7,2019
2019-07-11,3.76,11,7,2019
2019-07-10,3.75,10,7,2019
2019-07-09,3.8,9,7,2019
2019-07-08,3.81,8,7,2019
2019-07-05,3.82,5,7,2019
2019-07-04,3.8,4,7,2019
2019-07-03,3.83,3,7,2019
2019-07-02,3.85,2,7,2019
2019-07-01,3.84,1,7,2019
2019-06-28,3.85,28,6,2019
2019-06-27,3.82,27,6,2019
2019-06-26,3.84,26,6,2019
2019-06-25,3.85,25,6,2019
2019-06-24,3.83,24,6,2019
2019-06-21,3.82,21,6,2019
2019-06-20,3.84,20,6,2019
2019-06-19,3.84,19,6,2019
2019-06-18,3.86,18,6,2019
2019-06-17,3.89,17,6,2019
2019-06-14,3.9,14,6,2019
2019-06-13,3.85,13,6,2019
2019-06-12,3.87,12,6,2019
2019-06-11,3.86,11,6,2019
2019-06-10,3.89,10,6,2019
2019-06-07,3.88,7,6,2019
2019-06-06,3.88,6,6,2019
2019-06-05,3.88,5,6,2019
2019-06-04,3.85,4,6,2019
2019-06-03,3.89,3,6,2019
2019-05-31,3.92,31,5,2019
2019-05-30,3.98,30,5,2019
2019-05-29,3.97,29,5,2019
2019-05-28,4.02,28,5,2019
2019-05-27,4.04,27,5,2019
2019-05-24,4.02,24,5,2019
2019-05-23,4.04,23,5,2019
2019-05-22,4.04,22,5,2019
2019-05-21,4.04,21,5,2019
2019-05-20,4.1,20,5,2019
2019-05-17,4.1,17,5,2019
2019-05-16,4.05,16,5,2019
2019-05-15,4.0,15,5,2019
2019-05-14,3.98,14,5,2019
2019-05-13,3.99,13,5,2019
2019-05-10,3.96,10,5,2019
2019-05-09,3.95,9,5,2019
2019-05-08,3.93,8,5,2019
2019-05-07,3.97,7,5,2019
2019-05-06,3.97,6,5,2019
2019-05-03,3.94,3,5,2019
2019-05-02,3.97,2,5,2019
2019-05-01,3.92,1,5,2019
2019-04-30,3.92,30,4,2019
2019-04-29,3.95,29,4,2019
2019-04-26,3.93,26,4,2019
2019-04-25,3.95,25,4,2019
2019-04-24,3.99,24,4,2019
2019-04-23,3.92,23,4,2019
2019-04-22,3.94,22,4,2019
2019-04-19,3.93,19,4,2019
2019-04-18,3.93,18,4,2019
2019-04-17,3.94,17,4,2019
2019-04-16,3.9,16,4,2019
2019-04-15,3.87,15,4,2019
2019-04-12,3.88,12,4,2019
2019-04-11,3.86,11,4,2019
2019-04-10,3.83,10,4,2019
2019-04-09,3.85,9,4,2019
2019-04-08,3.85,8,4,2019
2019-04-05,3.87,5,4,2019
2019-04-04,3.86,4,4,2019
2019-04-03,3.87,3,4,2019
2019-04-02,3.85,2,4,2019
2019-04-01,3.85,1,4,2019
2019-03-29,3.92,29,3,2019
2019-03-28,3.9,28,3,2019
2019-03-27,3.99,27,3,2019
2019-03-26,3.88,26,3,2019
2019-03-25,3.85,25,3,2019
2019-03-22,3.91,22,3,2019
2019-03-21,3.79,21,3,2019
2019-03-20,3.78,20,3,2019
2019-03-19,3.79,19,3,2019
2019-03-18,3.79,18,3,2019
2019-03-15,3.81,15,3,2019
2019-03-14,3.84,14,3,2019
2019-03-13,3.81,13,3,2019
2019-03-12,3.81,12,3,2019
2019-03-11,3.84,11,3,2019
2019-03-08,3.87,8,3,2019
2019-03-07,3.87,7,3,2019
2019-03-06,3.84,6,3,2019
2019-03-05,3.78,5,3,2019
2019-03-04,3.78,4,3,2019
2019-03-01,3.78,1,3,2019
2019-02-28,3.75,28,2,2019
2019-02-27,3.73,27,2,2019
2019-02-26,3.75,26,2,2019
2019-02-25,3.75,25,2,2019
2019-02-22,3.75,22,2,2019
2019-02-21,3.77,21,2,2019
2019-02-20,3.73,20,2,2019
2019-02-19,3.72,19,2,2019
2019-02-18,3.74,18,2,2019
2019-02-15,3.7,15,2,2019
2019-02-14,3.72,14,2,2019
2019-02-13,3.75,13,2,2019
2019-02-12,3.71,12,2,2019
2019-02-11,3.76,11,2,2019
2019-02-08,3.73,8,2,2019
2019-02-07,3.72,7,2,2019
2019-02-06,3.7,6,2,2019
2019-02-05,3.67,5,2,2019
2019-02-04,3.67,4,2,2019
2019-02-01,3.66,1,2,2019
2019-01-31,3.64,31,1,2019
2019-01-30,3.68,30,1,2019
2019-01-29,3.72,29,1,2019
2019-01-28,3.76,28,1,2019
2019-01-25,3.77,25,1,2019
2019-01-24,3.77,24,1,2019
2019-01-23,3.77,23,1,2019
2019-01-22,3.82,22,1,2019
2019-01-21,3.76,21,1,2019
2019-01-18,3.75,18,1,2019
2019-01-17,3.75,17,1,2019
2019-01-16,3.74,16,1,2019
2019-01-15,3.72,15,1,2019
2019-01-14,3.7,14,1,2019
2019-01-11,3.71,11,1,2019
2019-01-10,3.71,10,1,2019
2019-01-09,3.68,9,1,2019
2019-01-08,3.71,8,1,2019
2019-01-07,3.74,7,1,2019
2019-01-04,3.72,4,1,2019
2019-01-03,3.76,3,1,2019
2019-01-02,3.79,2,1,2019
2019-01-01,3.88,1,1,2019
2018-12-31,3.88,31,12,2018
2018-12-28,3.88,28,12,2018
2018-12-27,3.87,27,12,2018
2018-12-26,3.92,26,12,2018
2018-12-25,3.9,25,12,2018
2018-12-24,3.9,24,12,2018
2018-12-21,3.9,21,12,2018
2018-12-20,3.84,20,12,2018
2018-12-19,3.9,19,12,2018
2018-12-18,3.91,18,12,2018
2018-12-17,3.9,17,12,2018
2018-12-14,3.92,14,12,2018
2018-12-13,3.89,13,12,2018
2018-12-12,3.86,12,12,2018
2018-12-11,3.9,11,12,2018
2018-12-10,3.92,10,12,2018
2018-12-07,3.91,7,12,2018
2018-12-06,3.88,6,12,2018
2018-12-05,3.87,5,12,2018
2018-12-04,3.85,4,12,2018
2018-12-03,3.84,3,12,2018
2018-11-30,3.87,30,11,2018
2018-11-29,3.85,29,11,2018
2018-11-28,3.85,28,11,2018
2018-11-27,3.88,27,11,2018
2018-11-26,3.94,26,11,2018
2018-11-23,3.83,23,11,2018
2018-11-22,3.8,22,11,2018
2018-11-21,3.8,21,11,2018
2018-11-20,3.76,20,11,2018
2018-11-19,3.76,19,11,2018
2018-11-16,3.74,16,11,2018
2018-11-15,3.78,15,11,2018
2018-11-14,3.78,14,11,2018
2018-11-13,3.8,13,11,2018
2018-11-12,3.77,12,11,2018
2018-11-09,3.73,9,11,2018
2018-11-08,3.76,8,11,2018
2018-11-07,3.73,7,11,2018
2018-11-06,3.76,6,11,2018
2018-11-05,3.73,5,11,2018
2018-11-02,3.7,2,11,2018
2018-11-01,3.7,1,11,2018
2018-10-31,3.72,31,10,2018
2018-10-30,3.7,30,10,2018
2018-10-29,3.72,29,10,2018
2018-10-26,3.64,26,10,2018
2018-10-25,3.71,25,10,2018
2018-10-24,3.74,24,10,2018
2018-10-23,3.69,23,10,2018
2018-10-22,3.69,22,10,2018
2018-10-19,3.71,19,10,2018
2018-10-18,3.72,18,10,2018
2018-10-17,3.69,17,10,2018
2018-10-16,3.73,16,10,2018
2018-10-15,3.74,15,10,2018
2018-10-12,3.78,12,10,2018
2018-10-11,3.78,11,10,2018
2018-10-10,3.76,10,10,2018
2018-10-09,3.72,9,10,2018
2018-10-08,3.78,8,10,2018
2018-10-05,3.84,5,10,2018
2018-10-04,3.87,4,10,2018
2018-10-03,3.9,3,10,2018
2018-10-02,3.94,2,10,2018
2018-10-01,4.02,1,10,2018
2018-09-28,4.05,28,9,2018
2018-09-27,4.01,27,9,2018
2018-09-26,4.03,26,9,2018
2018-09-25,4.08,25,9,2018
2018-09-24,4.09,24,9,2018
2018-09-21,4.05,21,9,2018
2018-09-20,4.08,20,9,2018
2018-09-19,4.13,19,9,2018
2018-09-18,4.16,18,9,2018
2018-09-17,4.13,17,9,2018
2018-09-14,4.17,14,9,2018
2018-09-13,4.21,13,9,2018
2018-09-12,4.16,12,9,2018
2018-09-11,4.15,11,9,2018
2018-09-10,4.09,10,9,2018
2018-09-07,4.06,7,9,2018
2018-09-06,4.06,6,9,2018
2018-09-05,4.15,5,9,2018
2018-09-04,4.16,4,9,2018
2018-09-03,4.16,3,9,2018
2018-08-31,4.06,31,8,2018
2018-08-30,4.15,30,8,2018
2018-08-29,4.11,29,8,2018
2018-08-28,4.13,28,8,2018
2018-08-27,4.08,27,8,2018
2018-08-24,4.1,24,8,2018
2018-08-23,4.12,23,8,2018
2018-08-22,4.04,22,8,2018
2018-08-21,4.05,21,8,2018
2018-08-20,3.97,20,8,2018
2018-08-17,3.91,17,8,2018
2018-08-16,3.91,16,8,2018
2018-08-15,3.91,15,8,2018
2018-08-14,3.87,14,8,2018
2018-08-13,3.88,13,8,2018
2018-08-10,3.86,10,8,2018
2018-08-09,3.8,9,8,2018
2018-08-08,3.77,8,8,2018
2018-08-07,3.75,7,8,2018
2018-08-06,3.74,6,8,2018
2018-08-03,3.71,3,8,2018
2018-08-02,3.75,2,8,2018
2018-08-01,3.75,1,8,2018
2018-07-31,3.76,31,7,2018
2018-07-30,3.73,30,7,2018
2018-07-27,3.71,27,7,2018
2018-07-26,3.75,26,7,2018
2018-07-25,3.69,25,7,2018
2018-07-24,3.75,24,7,2018
2018-07-23,3.78,23,7,2018
2018-07-20,3.77,20,7,2018
2018-07-19,3.83,19,7,2018
2018-07-18,3.85,18,7,2018
2018-07-17,3.84,17,7,2018
2018-07-16,3.86,16,7,2018
2018-07-13,3.85,13,7,2018
2018-07-12,3.88,12,7,2018
2018-07-11,3.88,11,7,2018
2018-07-10,3.82,10,7,2018
2018-07-09,3.87,9,7,2018
2018-07-06,3.86,6,7,2018
2018-07-05,3.93,5,7,2018
2018-07-04,3.91,4,7,2018
2018-07-03,3.9,3,7,2018
2018-07-02,3.91,2,7,2018
2018-06-29,3.88,29,6,2018
2018-06-28,3.86,28,6,2018
2018-06-27,3.86,27,6,2018
2018-06-26,3.8,26,6,2018
2018-06-25,3.78,25,6,2018
2018-06-22,3.79,22,6,2018
2018-06-21,3.77,21,6,2018
2018-06-20,3.77,20,6,2018
2018-06-19,3.75,19,6,2018
2018-06-18,3.75,18,6,2018
2018-06-15,3.73,15,6,2018
2018-06-14,3.81,14,6,2018
2018-06-13,3.72,13,6,2018
2018-06-12,3.72,12,6,2018
2018-06-11,3.71,11,6,2018
2018-06-08,3.71,8,6,2018
2018-06-07,3.91,7,6,2018
2018-06-06,3.85,6,6,2018
2018-06-05,3.81,5,6,2018
2018-06-04,3.75,4,6,2018
2018-06-01,3.76,1,6,2018
2018-05-31,3.72,31,5,2018
2018-05-30,3.72,30,5,2018
2018-05-29,3.73,29,5,2018
2018-05-28,3.74,28,5,2018
2018-05-25,3.65,25,5,2018
2018-05-24,3.65,24,5,2018
2018-05-23,3.63,23,5,2018
2018-05-22,3.64,22,5,2018
2018-05-21,3.68,21,5,2018
2018-05-18,3.74,18,5,2018
2018-05-17,3.7,17,5,2018
2018-05-16,3.68,16,5,2018
2018-05-15,3.65,15,5,2018
2018-05-14,3.62,14,5,2018
2018-05-11,3.6,11,5,2018
2018-05-10,3.55,10,5,2018
2018-05-09,3.59,9,5,2018
2018-05-08,3.56,8,5,2018
2018-05-07,3.55,7,5,2018
2018-05-04,3.53,4,5,2018
2018-05-03,3.53,3,5,2018
2018-05-02,3.55,2,5,2018
2018-05-01,3.51,1,5,2018
2018-04-30,3.51,30,4,2018
2018-04-27,3.46,27,4,2018
2018-04-26,3.48,26,4,2018
2018-04-25,3.48,25,4,2018
2018-04-24,3.47,24,4,2018
2018-04-23,3.45,23,4,2018
2018-04-20,3.41,20,4,2018
2018-04-19,3.39,19,4,2018
2018-04-18,3.38,18,4,2018
2018-04-17,3.41,17,4,2018
2018-04-16,3.42,16,4,2018
2018-04-13,3.42,13,4,2018
2018-04-12,3.41,12,4,2018
2018-04-11,3.37,11,4,2018
2018-04-10,3.41,10,4,2018
2018-04-09,3.42,9,4,2018
2018-04-06,3.37,6,4,2018
2018-04-05,3.34,5,4,2018
2018-04-04,3.33,4,4,2018
2018-04-03,3.34,3,4,2018
2018-04-02,3.31,2,4,2018
2018-03-30,3.31,30,3,2018
2018-03-29,3.31,29,3,2018
2018-03-28,3.32,28,3,2018
2018-03-27,3.33,27,3,2018
2018-03-26,3.31,26,3,2018
2018-03-23,3.31,23,3,2018
2018-03-22,3.32,22,3,2018
2018-03-21,3.27,21,3,2018
2018-03-20,3.31,20,3,2018
2018-03-19,3.29,19,3,2018
2018-03-16,3.28,16,3,2018
2018-03-15,3.29,15,3,2018
2018-03-14,3.26,14,3,2018
2018-03-13,3.26,13,3,2018
2018-03-12,3.26,12,3,2018
2018-03-09,3.26,9,3,2018
2018-03-08,3.27,8,3,2018
2018-03-07,3.25,7,3,2018
2018-03-06,3.21,6,3,2018
2018-03-05,3.24,5,3,2018
2018-03-02,3.25,2,3,2018
2018-03-01,3.25,1,3,2018
2018-02-28,3.25,28,2,2018
2018-02-27,3.25,27,2,2018
2018-02-26,3.23,26,2,2018
2018-02-23,3.24,23,2,2018
2018-02-22,3.25,22,2,2018
2018-02-21,3.27,21,2,2018
2018-02-20,3.26,20,2,2018
2018-02-19,3.23,19,2,2018
2018-02-16,3.23,16,2,2018
2018-02-15,3.23,15,2,2018
2018-02-14,3.22,14,2,2018
2018-02-13,3.3,13,2,2018
2018-02-12,3.3,12,2,2018
2018-02-09,3.29,9,2,2018
2018-02-08,3.29,8,2,2018
2018-02-07,3.27,7,2,2018
2018-02-06,3.23,6,2,2018
2018-02-05,3.26,5,2,2018
2018-02-02,3.22,2,2,2018
2018-02-01,3.17,1,2,2018
2018-01-31,3.19,31,1,2018
2018-01-30,3.18,30,1,2018
2018-01-29,3.16,29,1,2018
2018-01-26,3.15,26,1,2018
2018-01-25,3.15,25,1,2018
2018-01-24,3.15,24,1,2018
2018-01-23,3.24,23,1,2018
2018-01-22,3.2,22,1,2018
2018-01-19,3.2,19,1,2018
2018-01-18,3.21,18,1,2018
2018-01-17,3.22,17,1,2018
2018-01-16,3.22,16,1,2018
2018-01-15,3.22,15,1,2018
2018-01-12,3.21,12,1,2018
2018-01-11,3.22,11,1,2018
2018-01-10,3.23,10,1,2018
2018-01-09,3.25,9,1,2018
2018-01-08,3.24,8,1,2018
2018-01-05,3.23,5,1,2018
2018-01-04,3.23,4,1,2018
2018-01-03,3.24,3,1,2018
2018-01-02,3.26,2,1,2018
2018-01-01,3.31,1,1,2018
2017-12-29,3.31,29,12,2017
2017-12-28,3.31,28,12,2017
2017-12-27,3.32,27,12,2017
2017-12-26,3.31,26,12,2017
2017-12-25,3.34,25,12,2017
2017-12-22,3.34,22,12,2017
2017-12-21,3.31,21,12,2017
2017-12-20,3.3,20,12,2017
2017-12-19,3.29,19,12,2017
2017-12-18,3.29,18,12,2017
2017-12-15,3.29,15,12,2017
2017-12-14,3.34,14,12,2017
2017-12-13,3.31,13,12,2017
2017-12-12,3.31,12,12,2017
2017-12-11,3.3,11,12,2017
2017-12-08,3.29,8,12,2017
2017-12-07,3.29,7,12,2017
2017-12-06,3.24,6,12,2017
2017-12-05,3.24,5,12,2017
2017-12-04,3.24,4,12,2017
2017-12-01,3.26,1,12,2017
2017-11-30,3.27,30,11,2017
2017-11-29,3.25,29,11,2017
2017-11-28,3.21,28,11,2017
2017-11-27,3.23,27,11,2017
2017-11-24,3.23,24,11,2017
2017-11-23,3.22,23,11,2017
2017-11-22,3.22,22,11,2017
2017-11-21,3.26,21,11,2017
2017-11-20,3.26,20,11,2017
2017-11-17,3.26,17,11,2017
2017-11-16,3.27,16,11,2017
2017-11-15,3.31,15,11,2017
2017-11-14,3.31,14,11,2017
2017-11-13,3.28,13,11,2017
2017-11-10,3.28,10,11,2017
2017-11-09,3.25,9,11,2017
2017-11-08,3.25,8,11,2017
2017-11-07,3.27,7,11,2017
2017-11-06,3.25,6,11,2017
2017-11-03,3.31,3,11,2017
2017-11-02,3.27,2,11,2017
2017-11-01,3.27,1,11,2017
2017-10-31,3.27,31,10,2017
2017-10-30,3.29,30,10,2017
2017-10-27,3.24,27,10,2017
2017-10-26,3.29,26,10,2017
2017-10-25,3.23,25,10,2017
2017-10-24,3.24,24,10,2017
2017-10-23,3.24,23,10,2017
2017-10-20,3.19,20,10,2017
2017-10-19,3.17,19,10,2017
2017-10-18,3.17,18,10,2017
2017-10-17,3.16,17,10,2017
2017-10-16,3.17,16,10,2017
2017-10-13,3.15,13,10,2017
2017-10-12,3.17,12,10,2017
2017-10-11,3.17,11,10,2017
2017-10-10,3.18,10,10,2017
2017-10-09,3.19,9,10,2017
2017-10-06,3.16,6,10,2017
2017-10-05,3.15,5,10,2017
2017-10-04,3.14,4,10,2017
2017-10-03,3.14,3,10,2017
2017-10-02,3.15,2,10,2017
2017-09-29,3.16,29,9,2017
2017-09-28,3.18,28,9,2017
2017-09-27,3.19,27,9,2017
2017-09-26,3.17,26,9,2017
2017-09-25,3.16,25,9,2017
2017-09-22,3.12,22,9,2017
2017-09-21,3.14,21,9,2017
2017-09-20,3.13,20,9,2017
2017-09-19,3.14,19,9,2017
2017-09-18,3.14,18,9,2017
2017-09-15,3.11,15,9,2017
2017-09-14,3.12,14,9,2017
2017-09-13,3.14,13,9,2017
2017-09-12,3.13,12,9,2017
2017-09-11,3.1,11,9,2017
2017-09-08,3.09,8,9,2017
2017-09-07,3.1,7,9,2017
2017-09-06,3.1,6,9,2017
2017-09-05,3.12,5,9,2017
2017-09-04,3.14,4,9,2017
2017-09-01,3.14,1,9,2017
2017-08-31,3.15,31,8,2017
2017-08-30,3.16,30,8,2017
2017-08-29,3.17,29,8,2017
2017-08-28,3.17,28,8,2017
2017-08-25,3.16,25,8,2017
2017-08-24,3.15,24,8,2017
2017-08-23,3.14,23,8,2017
2017-08-22,3.16,22,8,2017
2017-08-21,3.16,21,8,2017
2017-08-18,3.15,18,8,2017
2017-08-17,3.18,17,8,2017
2017-08-16,3.15,16,8,2017
2017-08-15,3.17,15,8,2017
2017-08-14,3.19,14,8,2017
2017-08-11,3.19,11,8,2017
2017-08-10,3.18,10,8,2017
2017-08-09,3.16,9,8,2017
2017-08-08,3.13,8,8,2017
2017-08-07,3.13,7,8,2017
2017-08-04,3.13,4,8,2017
2017-08-03,3.11,3,8,2017
2017-08-02,3.11,2,8,2017
2017-08-01,3.13,1,8,2017
2017-07-31,3.13,31,7,2017
2017-07-28,3.13,28,7,2017
2017-07-27,3.15,27,7,2017
2017-07-26,3.14,26,7,2017
2017-07-25,3.17,25,7,2017
2017-07-24,3.15,24,7,2017
2017-07-21,3.14,21,7,2017
2017-07-20,3.12,20,7,2017
2017-07-19,3.15,19,7,2017
2017-07-18,3.15,18,7,2017
2017-07-17,3.18,17,7,2017
2017-07-14,3.18,14,7,2017
2017-07-13,3.21,13,7,2017
2017-07-12,3.21,12,7,2017
2017-07-11,3.25,11,7,2017
2017-07-10,3.26,10,7,2017
2017-07-07,3.28,7,7,2017
2017-07-06,3.3,6,7,2017
2017-07-05,3.29,5,7,2017
2017-07-04,3.31,4,7,2017
2017-07-03,3.3,3,7,2017
2017-06-30,3.31,30,6,2017
2017-06-29,3.3,29,6,2017
2017-06-28,3.28,28,6,2017
2017-06-27,3.31,27,6,2017
2017-06-26,3.3,26,6,2017
2017-06-23,3.34,23,6,2017
2017-06-22,3.34,22,6,2017
2017-06-21,3.34,21,6,2017
2017-06-20,3.33,20,6,2017
2017-06-19,3.28,19,6,2017
2017-06-16,3.29,16,6,2017
2017-06-15,3.28,15,6,2017
2017-06-14,3.27,14,6,2017
2017-06-13,3.32,13,6,2017
2017-06-12,3.32,12,6,2017
2017-06-09,3.3,9,6,2017
2017-06-08,3.26,8,6,2017
2017-06-07,3.27,7,6,2017
2017-06-06,3.28,6,6,2017
2017-06-05,3.3,5,6,2017
2017-06-02,3.25,2,6,2017
2017-06-01,3.25,1,6,2017
2017-05-31,3.23,31,5,2017
2017-05-30,3.26,30,5,2017
2017-05-29,3.26,29,5,2017
2017-05-26,3.26,26,5,2017
2017-05-25,3.27,25,5,2017
2017-05-24,3.28,24,5,2017
2017-05-23,3.27,23,5,2017
2017-05-22,3.27,22,5,2017
2017-05-19,3.25,19,5,2017
2017-05-18,3.37,18,5,2017
2017-05-17,3.14,17,5,2017
2017-05-16,3.1,16,5,2017
2017-05-15,3.11,15,5,2017
2017-05-12,3.12,12,5,2017
2017-05-11,3.14,11,5,2017
2017-05-10,3.17,10,5,2017
2017-05-09,3.19,9,5,2017
2017-05-08,3.2,8,5,2017
2017-05-05,3.18,5,5,2017
2017-05-04,3.19,4,5,2017
2017-05-03,3.17,3,5,2017
2017-05-02,3.15,2,5,2017
2017-05-01,3.18,1,5,2017
2017-04-28,3.18,28,4,2017
2017-04-27,3.18,27,4,2017
2017-04-26,3.17,26,4,2017
2017-04-25,3.15,25,4,2017
2017-04-24,3.13,24,4,2017
2017-04-21,3.15,21,4,2017
2017-04-20,3.15,20,4,2017
2017-04-19,3.15,19,4,2017
2017-04-18,3.11,18,4,2017
2017-04-17,3.1,17,4,2017
2017-04-14,3.14,14,4,2017
2017-04-13,3.14,13,4,2017
2017-04-12,3.13,12,4,2017
2017-04-11,3.14,11,4,2017
2017-04-10,3.13,10,4,2017
2017-04-07,3.15,7,4,2017
2017-04-06,3.14,6,4,2017
2017-04-05,3.12,5,4,2017
2017-04-04,3.09,4,4,2017
2017-04-03,3.11,3,4,2017
2017-03-31,3.12,31,3,2017
2017-03-30,3.15,30,3,2017
2017-03-29,3.12,29,3,2017
2017-03-28,3.14,28,3,2017
2017-03-27,3.13,27,3,2017
2017-03-24,3.11,24,3,2017
2017-03-23,3.14,23,3,2017
2017-03-22,3.09,22,3,2017
2017-03-21,3.09,21,3,2017
2017-03-20,3.07,20,3,2017
2017-03-17,3.09,17,3,2017
2017-03-16,3.12,16,3,2017
2017-03-15,3.1,15,3,2017
2017-03-14,3.17,14,3,2017
2017-03-13,3.15,13,3,2017
2017-03-10,3.14,10,3,2017
2017-03-09,3.19,9,3,2017
2017-03-08,3.16,8,3,2017
2017-03-07,3.12,7,3,2017
2017-03-06,3.14,6,3,2017
2017-03-03,3.12,3,3,2017
2017-03-02,3.16,2,3,2017
2017-03-01,3.09,1,3,2017
2017-02-28,3.11,28,2,2017
2017-02-27,3.11,27,2,2017
2017-02-24,3.11,24,2,2017
2017-02-23,3.06,23,2,2017
2017-02-22,3.06,22,2,2017
2017-02-21,3.1,21,2,2017
2017-02-20,3.09,20,2,2017
2017-02-17,3.1,17,2,2017
2017-02-16,3.09,16,2,2017
2017-02-15,3.06,15,2,2017
2017-02-14,3.08,14,2,2017
2017-02-13,3.11,13,2,2017
2017-02-10,3.12,10,2,2017
2017-02-09,3.13,9,2,2017
2017-02-08,3.12,8,2,2017
2017-02-07,3.12,7,2,2017
2017-02-06,3.12,6,2,2017
2017-02-03,3.12,3,2,2017
2017-02-02,3.12,2,2,2017
2017-02-01,3.13,1,2,2017
2017-01-31,3.15,31,1,2017
2017-01-30,3.13,30,1,2017
2017-01-27,3.14,27,1,2017
2017-01-26,3.18,26,1,2017
2017-01-25,3.17,25,1,2017
2017-01-24,3.17,24,1,2017
2017-01-23,3.16,23,1,2017
2017-01-20,3.17,20,1,2017
2017-01-19,3.2,19,1,2017
2017-01-18,3.23,18,1,2017
2017-01-17,3.21,17,1,2017
2017-01-16,3.24,16,1,2017
2017-01-13,3.22,13,1,2017
2017-01-12,3.19,12,1,2017
2017-01-11,3.2,11,1,2017
2017-01-10,3.2,10,1,2017
2017-01-09,3.2,9,1,2017
2017-01-06,3.22,6,1,2017
2017-01-05,3.2,5,1,2017
2017-01-04,3.22,4,1,2017
2017-01-03,3.27,3,1,2017
2017-01-02,3.29,2,1,2017
2016-12-30,3.25,30,12,2016
2016-12-29,3.25,29,12,2016
2016-12-28,3.28,28,12,2016
2016-12-27,3.27,27,12,2016
2016-12-26,3.28,26,12,2016
2016-12-23,3.27,23,12,2016
2016-12-22,3.29,22,12,2016
2016-12-21,3.33,21,12,2016
2016-12-20,3.35,20,12,2016
2016-12-19,3.36,19,12,2016
2016-12-16,3.39,16,12,2016
2016-12-15,3.37,15,12,2016
2016-12-14,3.37,14,12,2016
2016-12-13,3.34,13,12,2016
2016-12-12,3.34,12,12,2016
2016-12-09,3.38,9,12,2016
2016-12-08,3.38,8,12,2016
2016-12-07,3.38,7,12,2016
2016-12-06,3.41,6,12,2016
2016-12-05,3.42,5,12,2016
2016-12-02,3.48,2,12,2016
2016-12-01,3.47,1,12,2016
2016-11-30,3.38,30,11,2016
2016-11-29,3.4,29,11,2016
2016-11-28,3.39,28,11,2016
2016-11-25,3.42,25,11,2016
2016-11-24,3.39,24,11,2016
2016-11-23,3.39,23,11,2016
2016-11-22,3.36,22,11,2016
2016-11-21,3.35,21,11,2016
2016-11-18,3.38,18,11,2016
2016-11-17,3.42,17,11,2016
2016-11-16,3.42,16,11,2016
2016-11-15,3.44,15,11,2016
2016-11-14,3.43,14,11,2016
2016-11-11,3.39,11,11,2016
2016-11-10,3.39,10,11,2016
2016-11-09,3.22,9,11,2016
2016-11-08,3.17,8,11,2016
2016-11-07,3.2,7,11,2016
2016-11-04,3.23,4,11,2016
2016-11-03,3.24,3,11,2016
2016-11-02,3.24,2,11,2016
2016-11-01,3.24,1,11,2016
2016-10-31,3.19,31,10,2016
2016-10-28,3.21,28,10,2016
2016-10-27,3.17,27,10,2016
2016-10-26,3.14,26,10,2016
2016-10-25,3.12,25,10,2016
2016-10-24,3.12,24,10,2016
2016-10-21,3.15,21,10,2016
2016-10-20,3.14,20,10,2016
2016-10-19,3.17,19,10,2016
2016-10-18,3.19,18,10,2016
2016-10-17,3.2,17,10,2016
2016-10-14,3.21,14,10,2016
2016-10-13,3.18,13,10,2016
2016-10-12,3.2,12,10,2016
2016-10-11,3.2,11,10,2016
2016-10-10,3.21,10,10,2016
2016-10-07,3.22,7,10,2016
2016-10-06,3.23,6,10,2016
2016-10-05,3.22,5,10,2016
2016-10-04,3.26,4,10,2016
2016-10-03,3.21,3,10,2016
2016-09-30,3.26,30,9,2016
2016-09-29,3.26,29,9,2016
2016-09-28,3.22,28,9,2016
2016-09-27,3.23,27,9,2016
2016-09-26,3.24,26,9,2016
2016-09-23,3.24,23,9,2016
2016-09-22,3.22,22,9,2016
2016-09-21,3.21,21,9,2016
2016-09-20,3.26,20,9,2016
2016-09-19,3.27,19,9,2016
2016-09-16,3.26,16,9,2016
2016-09-15,3.3,15,9,2016
2016-09-14,3.34,14,9,2016
2016-09-13,3.31,13,9,2016
2016-09-12,3.25,12,9,2016
2016-09-09,3.27,9,9,2016
2016-09-08,3.21,8,9,2016
2016-09-07,3.19,7,9,2016
2016-09-06,3.2,6,9,2016
2016-09-05,3.28,5,9,2016
2016-09-02,3.26,2,9,2016
2016-09-01,3.26,1,9,2016
2016-08-31,3.23,31,8,2016
2016-08-30,3.24,30,8,2016
2016-08-29,3.23,29,8,2016
2016-08-26,3.27,26,8,2016
2016-08-25,3.24,25,8,2016
2016-08-24,3.23,24,8,2016
2016-08-23,3.23,23,8,2016
2016-08-22,3.2,22,8,2016
2016-08-19,3.2,19,8,2016
2016-08-18,3.24,18,8,2016
2016-08-17,3.2,17,8,2016
2016-08-16,3.2,16,8,2016
2016-08-15,3.19,15,8,2016
2016-08-12,3.19,12,8,2016
2016-08-11,3.14,11,8,2016
2016-08-10,3.13,10,8,2016
2016-08-09,3.15,9,8,2016
2016-08-08,3.17,8,8,2016
2016-08-05,3.17,5,8,2016
2016-08-04,3.19,4,8,2016
2016-08-03,3.24,3,8,2016
2016-08-02,3.26,2,8,2016
2016-08-01,3.26,1,8,2016
2016-07-29,3.25,29,7,2016
2016-07-28,3.29,28,7,2016
2016-07-27,3.26,27,7,2016
2016-07-26,3.28,26,7,2016
2016-07-25,3.29,25,7,2016
2016-07-22,3.26,22,7,2016
2016-07-21,3.27,21,7,2016
2016-07-20,3.26,20,7,2016
2016-07-19,3.25,19,7,2016
2016-07-18,3.25,18,7,2016
2016-07-15,3.28,15,7,2016
2016-07-14,3.25,14,7,2016
2016-07-13,3.26,13,7,2016
2016-07-12,3.3,12,7,2016
2016-07-11,3.31,11,7,2016
2016-07-08,3.3,8,7,2016
2016-07-07,3.37,7,7,2016
2016-07-06,3.33,6,7,2016
2016-07-05,3.3,5,7,2016
2016-07-04,3.27,4,7,2016
2016-07-01,3.24,1,7,2016
2016-06-30,3.21,30,6,2016
2016-06-29,3.22,29,6,2016
2016-06-28,3.3,28,6,2016
2016-06-27,3.39,27,6,2016
2016-06-24,3.37,24,6,2016
2016-06-23,3.34,23,6,2016
2016-06-22,3.38,22,6,2016
2016-06-21,3.42,21,6,2016
2016-06-20,3.39,20,6,2016
2016-06-17,3.42,17,6,2016
2016-06-16,3.47,16,6,2016
2016-06-15,3.47,15,6,2016
2016-06-14,3.48,14,6,2016
2016-06-13,3.48,13,6,2016
2016-06-10,3.42,10,6,2016
2016-06-09,3.4,9,6,2016
2016-06-08,3.36,8,6,2016
2016-06-07,3.44,7,6,2016
2016-06-06,3.49,6,6,2016
2016-06-03,3.52,3,6,2016
2016-06-02,3.59,2,6,2016
2016-06-01,3.6,1,6,2016
2016-05-31,3.61,31,5,2016
2016-05-30,3.57,30,5,2016
2016-05-27,3.61,27,5,2016
2016-05-26,3.58,26,5,2016
2016-05-25,3.58,25,5,2016
2016-05-24,3.57,24,5,2016
2016-05-23,3.57,23,5,2016
2016-05-20,3.52,20,5,2016
2016-05-19,3.56,19,5,2016
2016-05-18,3.57,18,5,2016
2016-05-17,3.49,17,5,2016
2016-05-16,3.5,16,5,2016
2016-05-13,3.53,13,5,2016
2016-05-12,3.49,12,5,2016
2016-05-11,3.45,11,5,2016
2016-05-10,3.48,10,5,2016
2016-05-09,3.52,9,5,2016
2016-05-06,3.5,6,5,2016
2016-05-05,3.53,5,5,2016
2016-05-04,3.55,4,5,2016
2016-05-03,3.56,3,5,2016
2016-05-02,3.5,2,5,2016
2016-04-29,3.44,29,4,2016
2016-04-28,3.49,28,4,2016
2016-04-27,3.53,27,4,2016
2016-04-26,3.53,26,4,2016
2016-04-25,3.56,25,4,2016
2016-04-22,3.56,22,4,2016
2016-04-21,3.54,21,4,2016
2016-04-20,3.53,20,4,2016
2016-04-19,3.53,19,4,2016
2016-04-18,3.62,18,4,2016
2016-04-15,3.53,15,4,2016
2016-04-14,3.48,14,4,2016
2016-04-13,3.5,13,4,2016
2016-04-12,3.49,12,4,2016
2016-04-11,3.49,11,4,2016
2016-04-08,3.59,8,4,2016
2016-04-07,3.69,7,4,2016
2016-04-06,3.64,6,4,2016
2016-04-05,3.68,5,4,2016
2016-04-04,3.62,4,4,2016
2016-04-01,3.55,1,4,2016
2016-03-31,3.59,31,3,2016
2016-03-30,3.6,30,3,2016
2016-03-29,3.64,29,3,2016
2016-03-28,3.63,28,3,2016
2016-03-25,3.68,25,3,2016
2016-03-24,3.68,24,3,2016
2016-03-23,3.69,23,3,2016
2016-03-22,3.58,22,3,2016
2016-03-21,3.62,21,3,2016
2016-03-18,3.62,18,3,2016
2016-03-17,3.63,17,3,2016
2016-03-16,3.74,16,3,2016
2016-03-15,3.77,15,3,2016
2016-03-14,3.66,14,3,2016
2016-03-11,3.58,11,3,2016
2016-03-10,3.62,10,3,2016
2016-03-09,3.68,9,3,2016
2016-03-08,3.76,8,3,2016
2016-03-07,3.78,7,3,2016
2016-03-04,3.76,4,3,2016
2016-03-03,3.8,3,3,2016
2016-03-02,3.89,2,3,2016
2016-03-01,3.93,1,3,2016
2016-02-29,4.02,29,2,2016
2016-02-26,3.99,26,2,2016
2016-02-25,3.96,25,2,2016
2016-02-24,3.96,24,2,2016
2016-02-23,3.96,23,2,2016
2016-02-22,3.95,22,2,2016
2016-02-19,4.02,19,2,2016
2016-02-18,4.03,18,2,2016
2016-02-17,3.99,17,2,2016
2016-02-16,4.07,16,2,2016
2016-02-15,4.01,15,2,2016
2016-02-12,4.0,12,2,2016
2016-02-11,3.99,11,2,2016
2016-02-10,3.93,10,2,2016
2016-02-09,3.89,9,2,2016
2016-02-08,3.9,8,2,2016
2016-02-05,3.9,5,2,2016
2016-02-04,3.89,4,2,2016
2016-02-03,3.9,3,2,2016
2016-02-02,3.99,2,2,2016
2016-02-01,3.96,1,2,2016
2016-01-29,4.0,29,1,2016
2016-01-28,4.07,28,1,2016
2016-01-27,4.11,27,1,2016
2016-01-26,4.05,26,1,2016
2016-01-25,4.09,25,1,2016
2016-01-22,4.09,22,1,2016
2016-01-21,4.16,21,1,2016
2016-01-20,4.1,20,1,2016
2016-01-19,4.06,19,1,2016
2016-01-18,4.06,18,1,2016
2016-01-15,4.05,15,1,2016
2016-01-14,4.0,14,1,2016
2016-01-13,4.02,13,1,2016
2016-01-12,4.03,12,1,2016
2016-01-11,4.05,11,1,2016
2016-01-08,4.02,8,1,2016
2016-01-07,4.04,7,1,2016
2016-01-06,4.02,6,1,2016
2016-01-05,4.01,5,1,2016
2016-01-04,4.04,4,1,2016
2016-01-01,3.96,1,1,2016
2015-12-31,3.96,31,12,2015
2015-12-30,3.96,30,12,2015
2015-12-29,3.87,29,12,2015
2015-12-28,3.86,28,12,2015
2015-12-25,3.95,25,12,2015
2015-12-24,3.95,24,12,2015
2015-12-23,3.94,23,12,2015
2015-12-22,3.99,22,12,2015
2015-12-21,4.01,21,12,2015
2015-12-18,3.98,18,12,2015
2015-12-17,3.88,17,12,2015
2015-12-16,3.88,16,12,2015
2015-12-15,3.87,15,12,2015
2015-12-14,3.88,14,12,2015
2015-12-11,3.87,11,12,2015
2015-12-10,3.81,10,12,2015
2015-12-09,3.75,9,12,2015
2015-12-08,3.8,8,12,2015
2015-12-07,3.77,7,12,2015
2015-12-04,3.75,4,12,2015
2015-12-03,3.76,3,12,2015
2015-12-02,3.84,2,12,2015
2015-12-01,3.86,1,12,2015
2015-11-30,3.87,30,11,2015
2015-11-27,3.85,27,11,2015
2015-11-26,3.74,26,11,2015
2015-11-25,3.74,25,11,2015
2015-11-24,3.7,24,11,2015
2015-11-23,3.73,23,11,2015
2015-11-20,3.71,20,11,2015
2015-11-19,3.72,19,11,2015
2015-11-18,3.77,18,11,2015
2015-11-17,3.81,17,11,2015
2015-11-16,3.82,16,11,2015
2015-11-13,3.85,13,11,2015
2015-11-12,3.77,12,11,2015
2015-11-11,3.76,11,11,2015
2015-11-10,3.75,10,11,2015
2015-11-09,3.8,9,11,2015
2015-11-06,3.77,6,11,2015
2015-11-05,3.78,5,11,2015
2015-11-04,3.8,4,11,2015
2015-11-03,3.77,3,11,2015
2015-11-02,3.85,2,11,2015
2015-10-30,3.86,30,10,2015
2015-10-29,3.85,29,10,2015
2015-10-28,3.91,28,10,2015
2015-10-27,3.89,27,10,2015
2015-10-26,3.91,26,10,2015
2015-10-23,3.88,23,10,2015
2015-10-22,3.91,22,10,2015
2015-10-21,3.94,21,10,2015
2015-10-20,3.91,20,10,2015
2015-10-19,3.89,19,10,2015
2015-10-16,3.92,16,10,2015
2015-10-15,3.8,15,10,2015
2015-10-14,3.81,14,10,2015
2015-10-13,3.89,13,10,2015
2015-10-12,3.76,12,10,2015
2015-10-09,3.77,9,10,2015
2015-10-08,3.78,8,10,2015
2015-10-07,3.88,7,10,2015
2015-10-06,3.85,6,10,2015
2015-10-05,3.91,5,10,2015
2015-10-02,3.93,2,10,2015
2015-10-01,4.01,1,10,2015
2015-09-30,3.95,30,9,2015
2015-09-29,4.06,29,9,2015
2015-09-28,4.11,28,9,2015
2015-09-25,3.98,25,9,2015
2015-09-24,3.94,24,9,2015
2015-09-23,4.18,23,9,2015
2015-09-22,4.05,22,9,2015
2015-09-21,3.99,21,9,2015
2015-09-18,3.95,18,9,2015
2015-09-17,3.9,17,9,2015
2015-09-16,3.83,16,9,2015
2015-09-15,3.86,15,9,2015
2015-09-14,3.82,14,9,2015
2015-09-11,3.87,11,9,2015
2015-09-10,3.85,10,9,2015
2015-09-09,3.78,9,9,2015
2015-09-08,3.82,8,9,2015
2015-09-07,3.84,7,9,2015
2015-09-04,3.84,4,9,2015
2015-09-03,3.74,3,9,2015
2015-09-02,3.76,2,9,2015
2015-09-01,3.7,1,9,2015
2015-08-31,3.62,31,8,2015
2015-08-28,3.58,28,8,2015
2015-08-27,3.55,27,8,2015
2015-08-26,3.6,26,8,2015
2015-08-25,3.62,25,8,2015
2015-08-24,3.55,24,8,2015
2015-08-21,3.5,21,8,2015
2015-08-20,3.46,20,8,2015
2015-08-19,3.49,19,8,2015
2015-08-18,3.47,18,8,2015
2015-08-17,3.48,17,8,2015
2015-08-14,3.48,14,8,2015
2015-08-13,3.52,13,8,2015
2015-08-12,3.48,12,8,2015
2015-08-11,3.48,11,8,2015
2015-08-10,3.43,10,8,2015
2015-08-07,3.51,7,8,2015
2015-08-06,3.54,6,8,2015
2015-08-05,3.49,5,8,2015
2015-08-04,3.47,4,8,2015
2015-08-03,3.45,3,8,2015
2015-07-31,3.42,31,7,2015
2015-07-30,3.37,30,7,2015
2015-07-29,3.33,29,7,2015
2015-07-28,3.36,28,7,2015
2015-07-27,3.36,27,7,2015
2015-07-24,3.36,24,7,2015
2015-07-23,3.29,23,7,2015
2015-07-22,3.22,22,7,2015
2015-07-21,3.17,21,7,2015
2015-07-20,3.2,20,7,2015
2015-07-17,3.19,17,7,2015
2015-07-16,3.16,16,7,2015
2015-07-15,3.14,15,7,2015
2015-07-14,3.14,14,7,2015
2015-07-13,3.13,13,7,2015
2015-07-10,3.16,10,7,2015
2015-07-09,3.22,9,7,2015
2015-07-08,3.23,8,7,2015
2015-07-07,3.19,7,7,2015
2015-07-06,3.14,6,7,2015
2015-07-03,3.13,3,7,2015
2015-07-02,3.1,2,7,2015
2015-07-01,3.15,1,7,2015
2015-06-30,3.1,30,6,2015
2015-06-29,3.12,29,6,2015
2015-06-26,3.13,26,6,2015
2015-06-25,3.13,25,6,2015
2015-06-24,3.1,24,6,2015
2015-06-23,3.08,23,6,2015
2015-06-22,3.08,22,6,2015
2015-06-19,3.1,19,6,2015
2015-06-18,3.06,18,6,2015
2015-06-17,3.06,17,6,2015
2015-06-16,3.09,16,6,2015
2015-06-15,3.13,15,6,2015
2015-06-12,3.12,12,6,2015
2015-06-11,3.09,11,6,2015
2015-06-10,3.12,10,6,2015
2015-06-09,3.1,9,6,2015
2015-06-08,3.11,8,6,2015
2015-06-05,3.14,5,6,2015
2015-06-04,3.14,4,6,2015
2015-06-03,3.13,3,6,2015
2015-06-02,3.13,2,6,2015
2015-06-01,3.17,1,6,2015
2015-05-29,3.18,29,5,2015
2015-05-28,3.16,28,5,2015
2015-05-27,3.14,27,5,2015
2015-05-26,3.15,26,5,2015
2015-05-25,3.1,25,5,2015
2015-05-22,3.09,22,5,2015
2015-05-21,3.04,21,5,2015
2015-05-20,3.0,20,5,2015
2015-05-19,3.04,19,5,2015
2015-05-18,3.01,18,5,2015
2015-05-15,3.0,15,5,2015
2015-05-14,2.99,14,5,2015
2015-05-13,3.04,13,5,2015
2015-05-12,3.02,12,5,2015
2015-05-11,3.06,11,5,2015
2015-05-08,2.97,8,5,2015
2015-05-07,3.03,7,5,2015
2015-05-06,3.03,6,5,2015
2015-05-05,3.05,5,5,2015
2015-05-04,3.09,4,5,2015
2015-05-01,3.01,1,5,2015
2015-04-30,3.01,30,4,2015
2015-04-29,2.96,29,4,2015
2015-04-28,2.94,28,4,2015
2015-04-27,2.92,27,4,2015
2015-04-24,2.95,24,4,2015
2015-04-23,2.97,23,4,2015
2015-04-22,3.01,22,4,2015
2015-04-21,3.03,21,4,2015
2015-04-20,3.03,20,4,2015
2015-04-17,3.04,17,4,2015
2015-04-16,3.02,16,4,2015
2015-04-15,3.03,15,4,2015
2015-04-14,3.06,14,4,2015
2015-04-13,3.12,13,4,2015
2015-04-10,3.08,10,4,2015
2015-04-09,3.06,9,4,2015
2015-04-08,3.05,8,4,2015
2015-04-07,3.13,7,4,2015
2015-04-06,3.13,6,4,2015
2015-04-03,3.12,3,4,2015
2015-04-02,3.12,2,4,2015
2015-04-01,3.17,1,4,2015
2015-03-31,3.2,31,3,2015
2015-03-30,3.23,30,3,2015
2015-03-27,3.25,27,3,2015
2015-03-26,3.18,26,3,2015
2015-03-25,3.2,25,3,2015
2015-03-24,3.14,24,3,2015
2015-03-23,3.13,23,3,2015
2015-03-20,3.23,20,3,2015
2015-03-19,3.29,19,3,2015
2015-03-18,3.21,18,3,2015
2015-03-17,3.24,17,3,2015
2015-03-16,3.25,16,3,2015
2015-03-13,3.25,13,3,2015
2015-03-12,3.17,12,3,2015
2015-03-11,3.13,11,3,2015
2015-03-10,3.1,10,3,2015
2015-03-09,3.12,9,3,2015
2015-03-06,3.06,6,3,2015
2015-03-05,3.0,5,3,2015
2015-03-04,2.98,4,3,2015
2015-03-03,2.93,3,3,2015
2015-03-02,2.9,2,3,2015
2015-02-27,2.84,27,2,2015
2015-02-26,2.91,26,2,2015
2015-02-25,2.88,25,2,2015
2015-02-24,2.83,24,2,2015
2015-02-23,2.88,23,2,2015
2015-02-20,2.87,20,2,2015
2015-02-19,2.87,19,2,2015
2015-02-18,2.84,18,2,2015
2015-02-17,2.83,17,2,2015
2015-02-16,2.83,16,2,2015
2015-02-13,2.83,13,2,2015
2015-02-12,2.82,12,2,2015
2015-02-11,2.87,11,2,2015
2015-02-10,2.83,10,2,2015
2015-02-09,2.77,9,2,2015
2015-02-06,2.78,6,2,2015
2015-02-05,2.75,5,2,2015
2015-02-04,2.74,4,2,2015
2015-02-03,2.69,3,2,2015
2015-02-02,2.73,2,2,2015
2015-01-30,2.68,30,1,2015
2015-01-29,2.6,29,1,2015
2015-01-28,2.58,28,1,2015
2015-01-27,2.57,27,1,2015
2015-01-26,2.58,26,1,2015
2015-01-23,2.58,23,1,2015
2015-01-22,2.57,22,1,2015
2015-01-21,2.6,21,1,2015
2015-01-20,2.61,20,1,2015
2015-01-19,2.65,19,1,2015
2015-01-16,2.62,16,1,2015
2015-01-15,2.64,15,1,2015
2015-01-14,2.62,14,1,2015
2015-01-13,2.64,13,1,2015
2015-01-12,2.67,12,1,2015
2015-01-09,2.63,9,1,2015
2015-01-08,2.66,8,1,2015
2015-01-07,2.68,7,1,2015
2015-01-06,2.7,6,1,2015
2015-01-05,2.71,5,1,2015
2015-01-02,2.69,2,1,2015
2015-01-01,2.66,1,1,2015
2014-12-31,2.66,31,12,2014
2014-12-30,2.66,30,12,2014
2014-12-29,2.7,29,12,2014
2014-12-26,2.67,26,12,2014
2014-12-25,2.7,25,12,2014
2014-12-24,2.7,24,12,2014
2014-12-23,2.69,23,12,2014
2014-12-22,2.66,22,12,2014
2014-12-19,2.66,19,12,2014
2014-12-18,2.66,18,12,2014
2014-12-17,2.72,17,12,2014
2014-12-16,2.74,16,12,2014
2014-12-15,2.7,15,12,2014
2014-12-12,2.65,12,12,2014
2014-12-11,2.65,11,12,2014
2014-12-10,2.62,10,12,2014
2014-12-09,2.59,9,12,2014
2014-12-08,2.6,8,12,2014
2014-12-05,2.59,5,12,2014
2014-12-04,2.59,4,12,2014
2014-12-03,2.55,3,12,2014
2014-12-02,2.57,2,12,2014
2014-12-01,2.56,1,12,2014
2014-11-28,2.57,28,11,2014
2014-11-27,2.53,27,11,2014
2014-11-26,2.5,26,11,2014
2014-11-25,2.53,25,11,2014
2014-11-24,2.55,24,11,2014
2014-11-21,2.52,21,11,2014
2014-11-20,2.57,20,11,2014
2014-11-19,2.57,19,11,2014
2014-11-18,2.58,18,11,2014
2014-11-17,2.61,17,11,2014
2014-11-14,2.6,14,11,2014
2014-11-13,2.59,13,11,2014
2014-11-12,2.57,12,11,2014
2014-11-11,2.56,11,11,2014
2014-11-10,2.55,10,11,2014
2014-11-07,2.56,7,11,2014
2014-11-06,2.57,6,11,2014
2014-11-05,2.5,5,11,2014
2014-11-04,2.5,4,11,2014
2014-11-03,2.5,3,11,2014
2014-10-31,2.48,31,10,2014
2014-10-30,2.4,30,10,2014
2014-10-29,2.46,29,10,2014
2014-10-28,2.46,28,10,2014
2014-10-27,2.52,27,10,2014
2014-10-24,2.47,24,10,2014
2014-10-23,2.5,23,10,2014
2014-10-22,2.49,22,10,2014
2014-10-21,2.48,21,10,2014
2014-10-20,2.47,20,10,2014
2014-10-17,2.44,17,10,2014
2014-10-16,2.47,16,10,2014
2014-10-15,2.46,15,10,2014
2014-10-14,2.4,14,10,2014
2014-10-13,2.39,13,10,2014
2014-10-10,2.43,10,10,2014
2014-10-09,2.4,9,10,2014
2014-10-08,2.38,8,10,2014
2014-10-07,2.4,7,10,2014
2014-10-06,2.42,6,10,2014
2014-10-03,2.46,3,10,2014
2014-10-02,2.5,2,10,2014
2014-10-01,2.48,1,10,2014
2014-09-30,2.45,30,9,2014
2014-09-29,2.45,29,9,2014
2014-09-26,2.42,26,9,2014
2014-09-25,2.43,25,9,2014
2014-09-24,2.38,24,9,2014
2014-09-23,2.41,23,9,2014
2014-09-22,2.4,22,9,2014
2014-09-19,2.37,19,9,2014
2014-09-18,2.36,18,9,2014
2014-09-17,2.36,17,9,2014
2014-09-16,2.33,16,9,2014
2014-09-15,2.34,15,9,2014
2014-09-12,2.34,12,9,2014
2014-09-11,2.3,11,9,2014
2014-09-10,2.29,10,9,2014
2014-09-09,2.29,9,9,2014
2014-09-08,2.27,8,9,2014
2014-09-05,2.24,5,9,2014
2014-09-04,2.24,4,9,2014
2014-09-03,2.24,3,9,2014
2014-09-02,2.24,2,9,2014
2014-09-01,2.25,1,9,2014
2014-08-29,2.24,29,8,2014
2014-08-28,2.24,28,8,2014
2014-08-27,2.25,27,8,2014
2014-08-26,2.26,26,8,2014
2014-08-25,2.29,25,8,2014
2014-08-22,2.28,22,8,2014
2014-08-21,2.27,21,8,2014
2014-08-20,2.26,20,8,2014
2014-08-19,2.25,19,8,2014
2014-08-18,2.26,18,8,2014
2014-08-15,2.26,15,8,2014
2014-08-14,2.27,14,8,2014
2014-08-13,2.28,13,8,2014
2014-08-12,2.28,12,8,2014
2014-08-11,2.28,11,8,2014
2014-08-08,2.28,8,8,2014
2014-08-07,2.3,7,8,2014
2014-08-06,2.27,6,8,2014
2014-08-05,2.28,5,8,2014
2014-08-04,2.26,4,8,2014
2014-08-01,2.26,1,8,2014
2014-07-31,2.26,31,7,2014
2014-07-30,2.25,30,7,2014
2014-07-29,2.23,29,7,2014
2014-07-28,2.22,28,7,2014
2014-07-25,2.23,25,7,2014
2014-07-24,2.22,24,7,2014
2014-07-23,2.22,23,7,2014
2014-07-22,2.21,22,7,2014
2014-07-21,2.22,21,7,2014
2014-07-18,2.23,18,7,2014
2014-07-17,2.26,17,7,2014
2014-07-16,2.22,16,7,2014
2014-07-15,2.22,15,7,2014
2014-07-14,2.21,14,7,2014
2014-07-11,2.22,11,7,2014
2014-07-10,2.22,10,7,2014
2014-07-09,2.21,9,7,2014
2014-07-08,2.21,8,7,2014
2014-07-07,2.22,7,7,2014
2014-07-04,2.21,4,7,2014
2014-07-03,2.21,3,7,2014
2014-07-02,2.23,2,7,2014
2014-07-01,2.2,1,7,2014
2014-06-30,2.21,30,6,2014
2014-06-27,2.19,27,6,2014
2014-06-26,2.2,26,6,2014
2014-06-25,2.21,25,6,2014
2014-06-24,2.23,24,6,2014
2014-06-23,2.22,23,6,2014
2014-06-20,2.23,20,6,2014
2014-06-19,2.22,19,6,2014
2014-06-18,2.23,18,6,2014
2014-06-17,2.26,17,6,2014
2014-06-16,2.23,16,6,2014
2014-06-13,2.22,13,6,2014
2014-06-12,2.23,12,6,2014
2014-06-11,2.23,11,6,2014
2014-06-10,2.22,10,6,2014
2014-06-09,2.23,9,6,2014
2014-06-06,2.25,6,6,2014
2014-06-05,2.26,5,6,2014
2014-06-04,2.28,4,6,2014
2014-06-03,2.28,3,6,2014
2014-06-02,2.28,2,6,2014
2014-05-30,2.24,30,5,2014
2014-05-29,2.23,29,5,2014
2014-05-28,2.23,28,5,2014
2014-05-27,2.24,27,5,2014
2014-05-26,2.22,26,5,2014
2014-05-23,2.22,23,5,2014
2014-05-22,2.22,22,5,2014
2014-05-21,2.21,21,5,2014
2014-05-20,2.22,20,5,2014
2014-05-19,2.21,19,5,2014
2014-05-16,2.21,16,5,2014
2014-05-15,2.22,15,5,2014
2014-05-14,2.2,14,5,2014
2014-05-13,2.22,13,5,2014
2014-05-12,2.21,12,5,2014
2014-05-09,2.21,9,5,2014
2014-05-08,2.22,8,5,2014
2014-05-07,2.22,7,5,2014
2014-05-06,2.23,6,5,2014
2014-05-05,2.24,5,5,2014
2014-05-02,2.22,2,5,2014
2014-05-01,2.23,1,5,2014
2014-04-30,2.23,30,4,2014
2014-04-29,2.24,29,4,2014
2014-04-28,2.22,28,4,2014
2014-04-25,2.24,25,4,2014
2014-04-24,2.21,24,4,2014
2014-04-23,2.22,23,4,2014
2014-04-22,2.24,22,4,2014
2014-04-21,2.24,21,4,2014
2014-04-18,2.24,18,4,2014
2014-04-17,2.24,17,4,2014
2014-04-16,2.24,16,4,2014
2014-04-15,2.23,15,4,2014
2014-04-14,2.21,14,4,2014
2014-04-11,2.22,11,4,2014
2014-04-10,2.21,10,4,2014
2014-04-09,2.19,9,4,2014
2014-04-08,2.2,8,4,2014
2014-04-07,2.22,7,4,2014
2014-04-04,2.24,4,4,2014
2014-04-03,2.28,3,4,2014
2014-04-02,2.27,2,4,2014
2014-04-01,2.26,1,4,2014
2014-03-31,2.27,31,3,2014
2014-03-28,2.26,28,3,2014
2014-03-27,2.26,27,3,2014
2014-03-26,2.3,26,3,2014
2014-03-25,2.31,25,3,2014
2014-03-24,2.32,24,3,2014
2014-03-21,2.32,21,3,2014
2014-03-20,2.33,20,3,2014
2014-03-19,2.35,19,3,2014
2014-03-18,2.33,18,3,2014
2014-03-17,2.35,17,3,2014
2014-03-14,2.35,14,3,2014
2014-03-13,2.36,13,3,2014
2014-03-12,2.35,12,3,2014
2014-03-11,2.36,11,3,2014
2014-03-10,2.35,10,3,2014
2014-03-07,2.34,7,3,2014
2014-03-06,2.32,6,3,2014
2014-03-05,2.32,5,3,2014
2014-03-04,2.34,4,3,2014
2014-03-03,2.34,3,3,2014
2014-02-28,2.34,28,2,2014
2014-02-27,2.32,27,2,2014
2014-02-26,2.35,26,2,2014
2014-02-25,2.34,25,2,2014
2014-02-24,2.34,24,2,2014
2014-02-21,2.35,21,2,2014
2014-02-20,2.37,20,2,2014
2014-02-19,2.39,19,2,2014
2014-02-18,2.4,18,2,2014
2014-02-17,2.39,17,2,2014
2014-02-14,2.39,14,2,2014
2014-02-13,2.39,13,2,2014
2014-02-12,2.43,12,2,2014
2014-02-11,2.4,11,2,2014
2014-02-10,2.41,10,2,2014
2014-02-07,2.38,7,2,2014
2014-02-06,2.38,6,2,2014
2014-02-05,2.4,5,2,2014
2014-02-04,2.41,4,2,2014
2014-02-03,2.44,3,2,2014
2014-01-31,2.41,31,1,2014
2014-01-30,2.41,30,1,2014
2014-01-29,2.44,29,1,2014
2014-01-28,2.43,28,1,2014
2014-01-27,2.42,27,1,2014
2014-01-24,2.4,24,1,2014
2014-01-23,2.4,23,1,2014
2014-01-22,2.37,22,1,2014
2014-01-21,2.36,21,1,2014
2014-01-20,2.34,20,1,2014
2014-01-17,2.34,17,1,2014
2014-01-16,2.36,16,1,2014
2014-01-15,2.36,15,1,2014
2014-01-14,2.35,14,1,2014
2014-01-13,2.36,13,1,2014
2014-01-10,2.36,10,1,2014
2014-01-09,2.39,9,1,2014
2014-01-08,2.4,8,1,2014
2014-01-07,2.37,7,1,2014
2014-01-06,2.38,6,1,2014
2014-01-03,2.38,3,1,2014
2014-01-02,2.39,2,1,2014
2014-01-01,2.36,1,1,2014
2013-12-31,2.36,31,12,2013
2013-12-30,2.36,30,12,2013
2013-12-27,2.34,27,12,2013
2013-12-26,2.35,26,12,2013
2013-12-25,2.36,25,12,2013
2013-12-24,2.36,24,12,2013
2013-12-23,2.36,23,12,2013
2013-12-20,2.39,20,12,2013
2013-12-19,2.35,19,12,2013
2013-12-18,2.33,18,12,2013
2013-12-17,2.32,17,12,2013
2013-12-16,2.33,16,12,2013
2013-12-13,2.33,13,12,2013
2013-12-12,2.33,12,12,2013
2013-12-11,2.34,11,12,2013
2013-12-10,2.31,10,12,2013
2013-12-09,2.32,9,12,2013
2013-12-06,2.33,6,12,2013
2013-12-05,2.36,5,12,2013
2013-12-04,2.39,4,12,2013
2013-12-03,2.38,3,12,2013
2013-12-02,2.36,2,12,2013
2013-11-29,2.34,29,11,2013
2013-11-28,2.32,28,11,2013
2013-11-27,2.33,27,11,2013
2013-11-26,2.3,26,11,2013
2013-11-25,2.28,25,11,2013
2013-11-22,2.28,22,11,2013
2013-11-21,2.31,21,11,2013
2013-11-20,2.27,20,11,2013
2013-11-19,2.27,19,11,2013
2013-11-18,2.26,18,11,2013
2013-11-15,2.32,15,11,2013
2013-11-14,2.31,14,11,2013
2013-11-13,2.33,13,11,2013
2013-11-12,2.33,12,11,2013
2013-11-11,2.33,11,11,2013
2013-11-08,2.31,8,11,2013
2013-11-07,2.31,7,11,2013
2013-11-06,2.29,6,11,2013
2013-11-05,2.28,5,11,2013
2013-11-04,2.25,4,11,2013
2013-11-01,2.26,1,11,2013
2013-10-31,2.24,31,10,2013
2013-10-30,2.18,30,10,2013
2013-10-29,2.18,29,10,2013
2013-10-28,2.18,28,10,2013
2013-10-25,2.19,25,10,2013
2013-10-24,2.2,24,10,2013
2013-10-23,2.19,23,10,2013
2013-10-22,2.17,22,10,2013
2013-10-21,2.17,21,10,2013
2013-10-18,2.17,18,10,2013
2013-10-17,2.15,17,10,2013
2013-10-16,2.18,16,10,2013
2013-10-15,2.18,15,10,2013
2013-10-14,2.18,14,10,2013
2013-10-11,2.17,11,10,2013
2013-10-10,2.18,10,10,2013
2013-10-09,2.21,9,10,2013
2013-10-08,2.21,8,10,2013
2013-10-07,2.2,7,10,2013
2013-10-04,2.21,4,10,2013
2013-10-03,2.21,3,10,2013
2013-10-02,2.19,2,10,2013
2013-10-01,2.22,1,10,2013
2013-09-30,2.22,30,9,2013
2013-09-27,2.25,27,9,2013
2013-09-26,2.25,26,9,2013
2013-09-25,2.23,25,9,2013
2013-09-24,2.2,24,9,2013
2013-09-23,2.2,23,9,2013
2013-09-20,2.21,20,9,2013
2013-09-19,2.2,19,9,2013
2013-09-18,2.19,18,9,2013
2013-09-17,2.26,17,9,2013
2013-09-16,2.28,16,9,2013
2013-09-13,2.28,13,9,2013
2013-09-12,2.28,12,9,2013
2013-09-11,2.28,11,9,2013
2013-09-10,2.28,10,9,2013
2013-09-09,2.28,9,9,2013
2013-09-06,2.31,6,9,2013
2013-09-05,2.32,5,9,2013
2013-09-04,2.36,4,9,2013
2013-09-03,2.36,3,9,2013
2013-09-02,2.38,2,9,2013
2013-08-30,2.39,30,8,2013
2013-08-29,2.36,29,8,2013
2013-08-28,2.34,28,8,2013
2013-08-27,2.37,27,8,2013
2013-08-26,2.38,26,8,2013
2013-08-23,2.35,23,8,2013
2013-08-22,2.43,22,8,2013
2013-08-21,2.45,21,8,2013
2013-08-20,2.39,20,8,2013
2013-08-19,2.41,19,8,2013
2013-08-16,2.39,16,8,2013
2013-08-15,2.34,15,8,2013
2013-08-14,2.32,14,8,2013
2013-08-13,2.31,13,8,2013
2013-08-12,2.29,12,8,2013
2013-08-09,2.27,9,8,2013
2013-08-08,2.28,8,8,2013
2013-08-07,2.31,7,8,2013
2013-08-06,2.3,6,8,2013
2013-08-05,2.31,5,8,2013
2013-08-02,2.29,2,8,2013
2013-08-01,2.3,1,8,2013
2013-07-31,2.28,31,7,2013
2013-07-30,2.28,30,7,2013
2013-07-29,2.27,29,7,2013
2013-07-26,2.26,26,7,2013
2013-07-25,2.24,25,7,2013
2013-07-24,2.25,24,7,2013
2013-07-23,2.21,23,7,2013
2013-07-22,2.23,22,7,2013
2013-07-19,2.25,19,7,2013
2013-07-18,2.23,18,7,2013
2013-07-17,2.23,17,7,2013
2013-07-16,2.25,16,7,2013
2013-07-15,2.22,15,7,2013
2013-07-12,2.27,12,7,2013
2013-07-11,2.25,11,7,2013
2013-07-10,2.26,10,7,2013
2013-07-09,2.26,9,7,2013
2013-07-08,2.26,8,7,2013
2013-07-05,2.25,5,7,2013
2013-07-04,2.25,4,7,2013
2013-07-03,2.27,3,7,2013
2013-07-02,2.25,2,7,2013
2013-07-01,2.23,1,7,2013
2013-06-28,2.23,28,6,2013
2013-06-27,2.2,27,6,2013
2013-06-26,2.19,26,6,2013
2013-06-25,2.21,25,6,2013
2013-06-24,2.23,24,6,2013
2013-06-21,2.24,21,6,2013
2013-06-20,2.26,20,6,2013
2013-06-19,2.22,19,6,2013
2013-06-18,2.18,18,6,2013
2013-06-17,2.17,17,6,2013
2013-06-14,2.15,14,6,2013
2013-06-13,2.12,13,6,2013
2013-06-12,2.16,12,6,2013
2013-06-11,2.13,11,6,2013
2013-06-10,2.15,10,6,2013
2013-06-07,2.13,7,6,2013
2013-06-06,2.13,6,6,2013
2013-06-05,2.13,5,6,2013
2013-06-04,2.13,4,6,2013
2013-06-03,2.12,3,6,2013
2013-05-31,2.14,31,5,2013
2013-05-30,2.11,30,5,2013
2013-05-29,2.11,29,5,2013
2013-05-28,2.08,28,5,2013
2013-05-27,2.05,27,5,2013
2013-05-24,2.05,24,5,2013
2013-05-23,2.04,23,5,2013
2013-05-22,2.05,22,5,2013
2013-05-21,2.04,21,5,2013
2013-05-20,2.04,20,5,2013
2013-05-17,2.04,17,5,2013
2013-05-16,2.03,16,5,2013
2013-05-15,2.02,15,5,2013
2013-05-14,2.02,14,5,2013
2013-05-13,2.01,13,5,2013
2013-05-10,2.02,10,5,2013
2013-05-09,2.01,9,5,2013
2013-05-08,2.01,8,5,2013
2013-05-07,2.01,7,5,2013
2013-05-06,2.01,6,5,2013
2013-05-03,2.01,3,5,2013
2013-05-02,2.01,2,5,2013
2013-05-01,2.0,1,5,2013
2013-04-30,2.0,30,4,2013
2013-04-29,2.01,29,4,2013
2013-04-26,2.0,26,4,2013
2013-04-25,2.0,25,4,2013
2013-04-24,2.01,24,4,2013
2013-04-23,2.02,23,4,2013
2013-04-22,2.02,22,4,2013
2013-04-19,2.01,19,4,2013
2013-04-18,2.02,18,4,2013
2013-04-17,2.0,17,4,2013
2013-04-16,1.99,16,4,2013
2013-04-15,2.0,15,4,2013
2013-04-12,1.97,12,4,2013
2013-04-11,1.97,11,4,2013
2013-04-10,1.97,10,4,2013
2013-04-09,1.98,9,4,2013
2013-04-08,1.99,8,4,2013
2013-04-05,1.99,5,4,2013
2013-04-04,2.01,4,4,2013
2013-04-03,2.02,3,4,2013
2013-04-02,2.02,2,4,2013
2013-04-01,2.02,1,4,2013
2013-03-29,2.02,29,3,2013
2013-03-28,2.02,28,3,2013
2013-03-27,2.01,27,3,2013
2013-03-26,2.02,26,3,2013
2013-03-25,2.01,25,3,2013
2013-03-22,2.01,22,3,2013
2013-03-21,2.01,21,3,2013
2013-03-20,1.99,20,3,2013
2013-03-19,1.99,19,3,2013
2013-03-18,1.98,18,3,2013
2013-03-15,1.98,15,3,2013
2013-03-14,1.97,14,3,2013
2013-03-13,1.97,13,3,2013
2013-03-12,1.96,12,3,2013
2013-03-11,1.96,11,3,2013
2013-03-08,1.94,8,3,2013
2013-03-07,1.96,7,3,2013
2013-03-06,1.97,6,3,2013
2013-03-05,1.96,5,3,2013
2013-03-04,1.97,4,3,2013
2013-03-01,1.98,1,3,2013
2013-02-28,1.98,28,2,2013
2013-02-27,1.97,27,2,2013
2013-02-26,1.98,26,2,2013
2013-02-25,1.98,25,2,2013
2013-02-22,1.97,22,2,2013
2013-02-21,1.97,21,2,2013
2013-02-20,1.96,20,2,2013
2013-02-19,1.95,19,2,2013
2013-02-18,1.96,18,2,2013
2013-02-15,1.97,15,2,2013
2013-02-14,1.96,14,2,2013
2013-02-13,1.96,13,2,2013
2013-02-12,1.97,12,2,2013
2013-02-11,1.97,11,2,2013
2013-02-08,1.97,8,2,2013
2013-02-07,1.97,7,2,2013
2013-02-06,1.99,6,2,2013
2013-02-05,1.98,5,2,2013
2013-02-04,2.0,4,2,2013
2013-02-01,1.99,1,2,2013
2013-01-31,1.99,31,1,2013
2013-01-30,1.99,30,1,2013
2013-01-29,1.99,29,1,2013
2013-01-28,2.0,28,1,2013
2013-01-25,2.03,25,1,2013
2013-01-24,2.03,24,1,2013
2013-01-23,2.04,23,1,2013
2013-01-22,2.04,22,1,2013
2013-01-21,2.04,21,1,2013
2013-01-18,2.04,18,1,2013
2013-01-17,2.04,17,1,2013
2013-01-16,2.04,16,1,2013
2013-01-15,2.04,15,1,2013
2013-01-14,2.03,14,1,2013
2013-01-11,2.03,11,1,2013
2013-01-10,2.03,10,1,2013
2013-01-09,2.04,9,1,2013
2013-01-08,2.04,8,1,2013
2013-01-07,2.03,7,1,2013
2013-01-04,2.03,4,1,2013
2013-01-03,2.05,3,1,2013
2013-01-02,2.05,2,1,2013
2013-01-01,2.05,1,1,2013
2012-12-31,2.05,31,12,2012
2012-12-28,2.05,28,12,2012
2012-12-27,2.04,27,12,2012
2012-12-26,2.05,26,12,2012
2012-12-25,2.08,25,12,2012
2012-12-24,2.08,24,12,2012
2012-12-21,2.08,21,12,2012
2012-12-20,2.07,20,12,2012
2012-12-19,2.07,19,12,2012
2012-12-18,2.09,18,12,2012
2012-12-17,2.1,17,12,2012
2012-12-14,2.09,14,12,2012
2012-12-13,2.09,13,12,2012
2012-12-12,2.07,12,12,2012
2012-12-11,2.08,11,12,2012
2012-12-10,2.08,10,12,2012
2012-12-07,2.07,7,12,2012
2012-12-06,2.08,6,12,2012
2012-12-05,2.09,5,12,2012
2012-12-04,2.12,4,12,2012
2012-12-03,2.12,3,12,2012
2012-11-30,2.14,30,11,2012
2012-11-29,2.1,29,11,2012
2012-11-28,2.09,28,11,2012
2012-11-27,2.08,27,11,2012
2012-11-26,2.08,26,11,2012
2012-11-23,2.08,23,11,2012
2012-11-22,2.1,22,11,2012
2012-11-21,2.1,21,11,2012
2012-11-20,2.08,20,11,2012
2012-11-19,2.08,19,11,2012
2012-11-16,2.08,16,11,2012
2012-11-15,2.07,15,11,2012
2012-11-14,2.07,14,11,2012
2012-11-13,2.06,13,11,2012
2012-11-12,2.05,12,11,2012
2012-11-09,2.05,9,11,2012
2012-11-08,2.04,8,11,2012
2012-11-07,2.03,7,11,2012
2012-11-06,2.03,6,11,2012
2012-11-05,2.04,5,11,2012
2012-11-02,2.03,2,11,2012
2012-11-01,2.03,1,11,2012
2012-10-31,2.03,31,10,2012
2012-10-30,2.03,30,10,2012
2012-10-29,2.03,29,10,2012
2012-10-26,2.03,26,10,2012
2012-10-25,2.03,25,10,2012
2012-10-24,2.03,24,10,2012
2012-10-23,2.03,23,10,2012
2012-10-22,2.02,22,10,2012
2012-10-19,2.03,19,10,2012
2012-10-18,2.03,18,10,2012
2012-10-17,2.03,17,10,2012
2012-10-16,2.03,16,10,2012
2012-10-15,2.04,15,10,2012
2012-10-12,2.04,12,10,2012
2012-10-11,2.04,11,10,2012
2012-10-10,2.04,10,10,2012
2012-10-09,2.04,9,10,2012
2012-10-08,2.03,8,10,2012
2012-10-05,2.03,5,10,2012
2012-10-04,2.02,4,10,2012
2012-10-03,2.02,3,10,2012
2012-10-02,2.03,2,10,2012
2012-10-01,2.03,1,10,2012
2012-09-28,2.03,28,9,2012
2012-09-27,2.03,27,9,2012
2012-09-26,2.04,26,9,2012
2012-09-25,2.03,25,9,2012
2012-09-24,2.03,24,9,2012
2012-09-21,2.02,21,9,2012
2012-09-20,2.02,20,9,2012
2012-09-19,2.02,19,9,2012
2012-09-18,2.02,18,9,2012
2012-09-17,2.03,17,9,2012
2012-09-14,2.01,14,9,2012
2012-09-13,2.02,13,9,2012
2012-09-12,2.03,12,9,2012
2012-09-11,2.02,11,9,2012
2012-09-10,2.02,10,9,2012
2012-09-07,2.03,7,9,2012
2012-09-06,2.03,6,9,2012
2012-09-05,2.04,5,9,2012
2012-09-04,2.04,4,9,2012
2012-09-03,2.03,3,9,2012
2012-08-31,2.03,31,8,2012
2012-08-30,2.05,30,8,2012
2012-08-29,2.05,29,8,2012
2012-08-28,2.04,28,8,2012
2012-08-27,2.03,27,8,2012
2012-08-24,2.03,24,8,2012
2012-08-23,2.02,23,8,2012
2012-08-22,2.02,22,8,2012
2012-08-21,2.02,21,8,2012
2012-08-20,2.02,20,8,2012
2012-08-17,2.02,17,8,2012
2012-08-16,2.02,16,8,2012
2012-08-15,2.02,15,8,2012
2012-08-14,2.03,14,8,2012
2012-08-13,2.02,13,8,2012
2012-08-10,2.01,10,8,2012
2012-08-09,2.01,9,8,2012
2012-08-08,2.02,8,8,2012
2012-08-07,2.03,7,8,2012
2012-08-06,2.03,6,8,2012
2012-08-03,2.03,3,8,2012
2012-08-02,2.05,2,8,2012
2012-08-01,2.04,1,8,2012
2012-07-31,2.06,31,7,2012
2012-07-30,2.04,30,7,2012
2012-07-27,2.02,27,7,2012
2012-07-26,2.02,26,7,2012
2012-07-25,2.03,25,7,2012
2012-07-24,2.05,24,7,2012
2012-07-23,2.04,23,7,2012
2012-07-20,2.02,20,7,2012
2012-07-19,2.01,19,7,2012
2012-07-18,2.02,18,7,2012
2012-07-17,2.02,17,7,2012
2012-07-16,2.03,16,7,2012
2012-07-13,2.04,13,7,2012
2012-07-12,2.04,12,7,2012
2012-07-11,2.03,11,7,2012
2012-07-10,2.03,10,7,2012
2012-07-09,2.03,9,7,2012
2012-07-06,2.03,6,7,2012
2012-07-05,2.02,5,7,2012
2012-07-04,2.03,4,7,2012
2012-07-03,2.02,3,7,2012
2012-07-02,1.98,2,7,2012
2012-06-29,2.01,29,6,2012
2012-06-28,2.08,28,6,2012
2012-06-27,2.08,27,6,2012
2012-06-26,2.07,26,6,2012
2012-06-25,2.06,25,6,2012
2012-06-22,2.07,22,6,2012
2012-06-21,2.06,21,6,2012
2012-06-20,2.03,20,6,2012
2012-06-19,2.03,19,6,2012
2012-06-18,2.06,18,6,2012
2012-06-15,2.05,15,6,2012
2012-06-14,2.06,14,6,2012
2012-06-13,2.07,13,6,2012
2012-06-12,2.07,12,6,2012
2012-06-11,2.07,11,6,2012
2012-06-08,2.02,8,6,2012
2012-06-07,2.03,7,6,2012
2012-06-06,2.03,6,6,2012
2012-06-05,2.02,5,6,2012
2012-06-04,2.06,4,6,2012
2012-06-01,2.04,1,6,2012
2012-05-31,2.02,31,5,2012
2012-05-30,2.02,30,5,2012
2012-05-29,1.99,29,5,2012
2012-05-28,1.98,28,5,2012
2012-05-25,1.98,25,5,2012
2012-05-24,2.03,24,5,2012
2012-05-23,2.03,23,5,2012
2012-05-22,2.09,22,5,2012
2012-05-21,2.04,21,5,2012
2012-05-18,2.02,18,5,2012
2012-05-17,2.01,17,5,2012
2012-05-16,2.0,16,5,2012
2012-05-15,2.0,15,5,2012
2012-05-14,2.0,14,5,2012
2012-05-11,1.97,11,5,2012
2012-05-10,1.95,10,5,2012
2012-05-09,1.97,9,5,2012
2012-05-08,1.94,8,5,2012
2012-05-07,1.92,7,5,2012
2012-05-04,1.93,4,5,2012
2012-05-03,1.91,3,5,2012
2012-05-02,1.92,2,5,2012
2012-05-01,1.9,1,5,2012
2012-04-30,1.91,30,4,2012
2012-04-27,1.89,27,4,2012
2012-04-26,1.89,26,4,2012
2012-04-25,1.88,25,4,2012
2012-04-24,1.88,24,4,2012
2012-04-23,1.88,23,4,2012
2012-04-20,1.87,20,4,2012
2012-04-19,1.88,19,4,2012
2012-04-18,1.88,18,4,2012
2012-04-17,1.86,17,4,2012
2012-04-16,1.85,16,4,2012
2012-04-13,1.84,13,4,2012
2012-04-12,1.83,12,4,2012
2012-04-11,1.84,11,4,2012
2012-04-10,1.83,10,4,2012
2012-04-09,1.82,9,4,2012
2012-04-06,1.82,6,4,2012
2012-04-05,1.82,5,4,2012
2012-04-04,1.83,4,4,2012
2012-04-03,1.83,3,4,2012
2012-04-02,1.83,2,4,2012
2012-03-30,1.83,30,3,2012
2012-03-29,1.82,29,3,2012
2012-03-28,1.82,28,3,2012
2012-03-27,1.82,27,3,2012
2012-03-26,1.82,26,3,2012
2012-03-23,1.81,23,3,2012
2012-03-22,1.82,22,3,2012
2012-03-21,1.82,21,3,2012
2012-03-20,1.81,20,3,2012
2012-03-19,1.82,19,3,2012
2012-03-16,1.8,16,3,2012
2012-03-15,1.8,15,3,2012
2012-03-14,1.81,14,3,2012
2012-03-13,1.79,13,3,2012
2012-03-12,1.8,12,3,2012
2012-03-09,1.79,9,3,2012
2012-03-08,1.76,8,3,2012
2012-03-07,1.77,7,3,2012
2012-03-06,1.76,6,3,2012
2012-03-05,1.74,5,3,2012
2012-03-02,1.73,2,3,2012
2012-03-01,1.71,1,3,2012
2012-02-29,1.72,29,2,2012
2012-02-28,1.7,28,2,2012
2012-02-27,1.71,27,2,2012
2012-02-24,1.71,24,2,2012
2012-02-23,1.71,23,2,2012
2012-02-22,1.71,22,2,2012
2012-02-21,1.72,21,2,2012
2012-02-20,1.72,20,2,2012
2012-02-17,1.72,17,2,2012
2012-02-16,1.72,16,2,2012
2012-02-15,1.73,15,2,2012
2012-02-14,1.72,14,2,2012
2012-02-13,1.72,13,2,2012
2012-02-10,1.72,10,2,2012
2012-02-09,1.72,9,2,2012
2012-02-08,1.72,8,2,2012
2012-02-07,1.73,7,2,2012
2012-02-06,1.73,6,2,2012
2012-02-03,1.72,3,2,2012
2012-02-02,1.72,2,2,2012
2012-02-01,1.73,1,2,2012
2012-01-31,1.75,31,1,2012
2012-01-30,1.75,30,1,2012
2012-01-27,1.74,27,1,2012
2012-01-26,1.75,26,1,2012
2012-01-25,1.76,25,1,2012
2012-01-24,1.76,24,1,2012
2012-01-23,1.76,23,1,2012
2012-01-20,1.75,20,1,2012
2012-01-19,1.77,19,1,2012
2012-01-18,1.76,18,1,2012
2012-01-17,1.79,17,1,2012
2012-01-16,1.79,16,1,2012
2012-01-13,1.78,13,1,2012
2012-01-12,1.78,12,1,2012
2012-01-11,1.8,11,1,2012
2012-01-10,1.8,10,1,2012
2012-01-09,1.83,9,1,2012
2012-01-06,1.86,6,1,2012
2012-01-05,1.84,5,1,2012
2012-01-04,1.83,4,1,2012
2012-01-03,1.83,3,1,2012
2012-01-02,1.87,2,1,2012
2011-12-30,1.86,30,12,2011
2011-12-29,1.87,29,12,2011
2011-12-28,1.87,28,12,2011
2011-12-27,1.86,27,12,2011
2011-12-26,1.86,26,12,2011
2011-12-23,1.86,23,12,2011
2011-12-22,1.86,22,12,2011
2011-12-21,1.86,21,12,2011
2011-12-20,1.84,20,12,2011
2011-12-19,1.87,19,12,2011
2011-12-16,1.85,16,12,2011
2011-12-15,1.86,15,12,2011
2011-12-14,1.88,14,12,2011
2011-12-13,1.86,13,12,2011
2011-12-12,1.84,12,12,2011
2011-12-09,1.8,9,12,2011
2011-12-08,1.82,8,12,2011
2011-12-07,1.8,7,12,2011
2011-12-06,1.79,6,12,2011
2011-12-05,1.79,5,12,2011
2011-12-02,1.79,2,12,2011
2011-12-01,1.8,1,12,2011
2011-11-30,1.81,30,11,2011
2011-11-29,1.84,29,11,2011
2011-11-28,1.85,28,11,2011
2011-11-25,1.89,25,11,2011
2011-11-24,1.9,24,11,2011
2011-11-23,1.87,23,11,2011
2011-11-22,1.82,22,11,2011
2011-11-21,1.81,21,11,2011
2011-11-18,1.79,18,11,2011
2011-11-17,1.78,17,11,2011
2011-11-16,1.77,16,11,2011
2011-11-15,1.77,15,11,2011
2011-11-14,1.77,14,11,2011
2011-11-11,1.74,11,11,2011
2011-11-10,1.76,10,11,2011
2011-11-09,1.78,9,11,2011
2011-11-08,1.73,8,11,2011
2011-11-07,1.75,7,11,2011
2011-11-04,1.75,4,11,2011
2011-11-03,1.74,3,11,2011
2011-11-02,1.74,2,11,2011
2011-11-01,1.74,1,11,2011
2011-10-31,1.72,31,10,2011
2011-10-28,1.67,28,10,2011
2011-10-27,1.71,27,10,2011
2011-10-26,1.76,26,10,2011
2011-10-25,1.77,25,10,2011
2011-10-24,1.75,24,10,2011
2011-10-21,1.77,21,10,2011
2011-10-20,1.78,20,10,2011
2011-10-19,1.77,19,10,2011
2011-10-18,1.75,18,10,2011
2011-10-17,1.77,17,10,2011
2011-10-14,1.73,14,10,2011
2011-10-13,1.75,13,10,2011
2011-10-12,1.78,12,10,2011
2011-10-11,1.78,11,10,2011
2011-10-10,1.76,10,10,2011
2011-10-07,1.77,7,10,2011
2011-10-06,1.78,6,10,2011
2011-10-05,1.83,5,10,2011
2011-10-04,1.86,4,10,2011
2011-10-03,1.89,3,10,2011
2011-09-30,1.88,30,9,2011
2011-09-29,1.84,29,9,2011
2011-09-28,1.84,28,9,2011
2011-09-27,1.8,27,9,2011
2011-09-26,1.82,26,9,2011
2011-09-23,1.83,23,9,2011
2011-09-22,1.9,22,9,2011
2011-09-21,1.88,21,9,2011
2011-09-20,1.79,20,9,2011
2011-09-19,1.8,19,9,2011
2011-09-16,1.73,16,9,2011
2011-09-15,1.7,15,9,2011
2011-09-14,1.71,14,9,2011
2011-09-13,1.71,13,9,2011
2011-09-12,1.7,12,9,2011
2011-09-09,1.67,9,9,2011
2011-09-08,1.66,8,9,2011
2011-09-07,1.65,7,9,2011
2011-09-06,1.66,6,9,2011
2011-09-05,1.65,5,9,2011
2011-09-02,1.64,2,9,2011
2011-09-01,1.62,1,9,2011
2011-08-31,1.59,31,8,2011
2011-08-30,1.6,30,8,2011
2011-08-29,1.59,29,8,2011
2011-08-26,1.6,26,8,2011
2011-08-25,1.61,25,8,2011
2011-08-24,1.61,24,8,2011
2011-08-23,1.6,23,8,2011
2011-08-22,1.61,22,8,2011
2011-08-19,1.6,19,8,2011
2011-08-18,1.6,18,8,2011
2011-08-17,1.59,17,8,2011
2011-08-16,1.59,16,8,2011
2011-08-15,1.59,15,8,2011
2011-08-12,1.61,12,8,2011
2011-08-11,1.63,11,8,2011
2011-08-10,1.62,10,8,2011
2011-08-09,1.59,9,8,2011
2011-08-08,1.63,8,8,2011
2011-08-05,1.58,5,8,2011
2011-08-04,1.59,4,8,2011
2011-08-03,1.56,3,8,2011
2011-08-02,1.57,2,8,2011
2011-08-01,1.57,1,8,2011
2011-07-29,1.55,29,7,2011
2011-07-28,1.57,28,7,2011
2011-07-27,1.56,27,7,2011
2011-07-26,1.54,26,7,2011
2011-07-25,1.54,25,7,2011
2011-07-22,1.55,22,7,2011
2011-07-21,1.55,21,7,2011
2011-07-20,1.57,20,7,2011
2011-07-19,1.57,19,7,2011
2011-07-18,1.58,18,7,2011
2011-07-15,1.57,15,7,2011
2011-07-14,1.58,14,7,2011
2011-07-13,1.57,13,7,2011
2011-07-12,1.58,12,7,2011
2011-07-11,1.58,11,7,2011
2011-07-08,1.57,8,7,2011
2011-07-07,1.56,7,7,2011
2011-07-06,1.57,6,7,2011
2011-07-05,1.57,5,7,2011
2011-07-04,1.55,4,7,2011
2011-07-01,1.56,1,7,2011
2011-06-30,1.56,30,6,2011
2011-06-29,1.57,29,6,2011
2011-06-28,1.58,28,6,2011
2011-06-27,1.59,27,6,2011
2011-06-24,1.6,24,6,2011
2011-06-23,1.59,23,6,2011
2011-06-22,1.59,22,6,2011
2011-06-21,1.59,21,6,2011
2011-06-20,1.6,20,6,2011
2011-06-17,1.6,17,6,2011
2011-06-16,1.6,16,6,2011
2011-06-15,1.6,15,6,2011
2011-06-14,1.58,14,6,2011
2011-06-13,1.58,13,6,2011
2011-06-10,1.6,10,6,2011
2011-06-09,1.58,9,6,2011
2011-06-08,1.58,8,6,2011
2011-06-07,1.58,7,6,2011
2011-06-06,1.58,6,6,2011
2011-06-03,1.58,3,6,2011
2011-06-02,1.58,2,6,2011
2011-06-01,1.59,1,6,2011
2011-05-31,1.58,31,5,2011
2011-05-30,1.59,30,5,2011
2011-05-27,1.59,27,5,2011
2011-05-26,1.62,26,5,2011
2011-05-25,1.63,25,5,2011
2011-05-24,1.62,24,5,2011
2011-05-23,1.63,23,5,2011
2011-05-20,1.62,20,5,2011
2011-05-19,1.62,19,5,2011
2011-05-18,1.61,18,5,2011
2011-05-17,1.62,17,5,2011
2011-05-16,1.63,16,5,2011
2011-05-13,1.64,13,5,2011
2011-05-12,1.62,12,5,2011
2011-05-11,1.62,11,5,2011
2011-05-10,1.6,10,5,2011
2011-05-09,1.61,9,5,2011
2011-05-06,1.62,6,5,2011
2011-05-05,1.62,5,5,2011
2011-05-04,1.62,4,5,2011
2011-05-03,1.59,3,5,2011
2011-05-02,1.59,2,5,2011
2011-04-29,1.58,29,4,2011
2011-04-28,1.58,28,4,2011
2011-04-27,1.57,27,4,2011
2011-04-26,1.56,26,4,2011
2011-04-25,1.57,25,4,2011
2011-04-22,1.56,22,4,2011
2011-04-21,1.56,21,4,2011
2011-04-20,1.57,20,4,2011
2011-04-19,1.58,19,4,2011
2011-04-18,1.59,18,4,2011
2011-04-15,1.58,15,4,2011
2011-04-14,1.58,14,4,2011
2011-04-13,1.59,13,4,2011
2011-04-12,1.6,12,4,2011
2011-04-11,1.58,11,4,2011
2011-04-08,1.57,8,4,2011
2011-04-07,1.59,7,4,2011
2011-04-06,1.61,6,4,2011
2011-04-05,1.61,5,4,2011
2011-04-04,1.61,4,4,2011
2011-04-01,1.63,1,4,2011
2011-03-31,1.63,31,3,2011
2011-03-30,1.63,30,3,2011
2011-03-29,1.65,29,3,2011
2011-03-28,1.66,28,3,2011
2011-03-25,1.66,25,3,2011
2011-03-24,1.66,24,3,2011
2011-03-23,1.66,23,3,2011
2011-03-22,1.66,22,3,2011
2011-03-21,1.67,21,3,2011
2011-03-18,1.67,18,3,2011
2011-03-17,1.68,17,3,2011
2011-03-16,1.68,16,3,2011
2011-03-15,1.67,15,3,2011
2011-03-14,1.66,14,3,2011
2011-03-11,1.66,11,3,2011
2011-03-10,1.66,10,3,2011
2011-03-09,1.65,9,3,2011
2011-03-08,1.65,8,3,2011
2011-03-07,1.65,7,3,2011
2011-03-04,1.66,4,3,2011
2011-03-03,1.65,3,3,2011
2011-03-02,1.66,2,3,2011
2011-03-01,1.66,1,3,2011
2011-02-28,1.66,28,2,2011
2011-02-25,1.66,25,2,2011
2011-02-24,1.66,24,2,2011
2011-02-23,1.67,23,2,2011
2011-02-22,1.67,22,2,2011
2011-02-21,1.67,21,2,2011
2011-02-18,1.66,18,2,2011
2011-02-17,1.66,17,2,2011
2011-02-16,1.67,16,2,2011
2011-02-15,1.67,15,2,2011
2011-02-14,1.67,14,2,2011
2011-02-11,1.67,11,2,2011
2011-02-10,1.67,10,2,2011
2011-02-09,1.66,9,2,2011
2011-02-08,1.66,8,2,2011
2011-02-07,1.68,7,2,2011
2011-02-04,1.67,4,2,2011
2011-02-03,1.67,3,2,2011
2011-02-02,1.67,2,2,2011
2011-02-01,1.66,1,2,2011
2011-01-31,1.67,31,1,2011
2011-01-28,1.68,28,1,2011
2011-01-27,1.68,27,1,2011
2011-01-26,1.67,26,1,2011
2011-01-25,1.67,25,1,2011
2011-01-24,1.67,24,1,2011
2011-01-21,1.68,21,1,2011
2011-01-20,1.67,20,1,2011
2011-01-19,1.67,19,1,2011
2011-01-18,1.67,18,1,2011
2011-01-17,1.68,17,1,2011
2011-01-14,1.69,14,1,2011
2011-01-13,1.67,13,1,2011
2011-01-12,1.67,12,1,2011
2011-01-11,1.68,11,1,2011
2011-01-10,1.69,10,1,2011
2011-01-07,1.68,7,1,2011
2011-01-06,1.69,6,1,2011
2011-01-05,1.67,5,1,2011
2011-01-04,1.66,4,1,2011
2011-01-03,1.65,3,1,2011
2010-12-31,1.66,31,12,2010
2010-12-30,1.66,30,12,2010
2010-12-29,1.68,29,12,2010
2010-12-28,1.69,28,12,2010
2010-12-27,1.69,27,12,2010
2010-12-24,1.69,24,12,2010
2010-12-23,1.69,23,12,2010
2010-12-22,1.7,22,12,2010
2010-12-21,1.7,21,12,2010
2010-12-20,1.71,20,12,2010
2010-12-17,1.71,17,12,2010
2010-12-16,1.7,16,12,2010
2010-12-15,1.71,15,12,2010
2010-12-14,1.7,14,12,2010
2010-12-13,1.69,13,12,2010
2010-12-10,1.71,10,12,2010
2010-12-09,1.71,9,12,2010
2010-12-08,1.69,8,12,2010
2010-12-07,1.68,7,12,2010
2010-12-06,1.67,6,12,2010
2010-12-03,1.69,3,12,2010
2010-12-02,1.7,2,12,2010
2010-12-01,1.71,1,12,2010
2010-11-30,1.72,30,11,2010
2010-11-29,1.72,29,11,2010
2010-11-26,1.73,26,11,2010
2010-11-25,1.72,25,11,2010
2010-11-24,1.72,24,11,2010
2010-11-23,1.74,23,11,2010
2010-11-22,1.72,22,11,2010
2010-11-19,1.72,19,11,2010
2010-11-18,1.71,18,11,2010
2010-11-17,1.73,17,11,2010
2010-11-16,1.74,16,11,2010
2010-11-15,1.72,15,11,2010
2010-11-12,1.72,12,11,2010
2010-11-11,1.72,11,11,2010
2010-11-10,1.71,10,11,2010
2010-11-09,1.7,9,11,2010
2010-11-08,1.7,8,11,2010
2010-11-05,1.68,5,11,2010
2010-11-04,1.67,4,11,2010
2010-11-03,1.69,3,11,2010
2010-11-02,1.7,2,11,2010
2010-11-01,1.7,1,11,2010
2010-10-29,1.7,29,10,2010
2010-10-28,1.7,28,10,2010
2010-10-27,1.72,27,10,2010
2010-10-26,1.7,26,10,2010
2010-10-25,1.7,25,10,2010
2010-10-22,1.71,22,10,2010
2010-10-21,1.7,21,10,2010
2010-10-20,1.68,20,10,2010
2010-10-19,1.68,19,10,2010
2010-10-18,1.67,18,10,2010
2010-10-15,1.67,15,10,2010
2010-10-14,1.66,14,10,2010
2010-10-13,1.65,13,10,2010
2010-10-12,1.67,12,10,2010
2010-10-11,1.67,11,10,2010
2010-10-08,1.67,8,10,2010
2010-10-07,1.68,7,10,2010
2010-10-06,1.68,6,10,2010
2010-10-05,1.66,5,10,2010
2010-10-04,1.7,4,10,2010
2010-10-01,1.69,1,10,2010
2010-09-30,1.69,30,9,2010
2010-09-29,1.7,29,9,2010
2010-09-28,1.71,28,9,2010
2010-09-27,1.71,27,9,2010
2010-09-24,1.71,24,9,2010
2010-09-23,1.72,23,9,2010
2010-09-22,1.72,22,9,2010
2010-09-21,1.71,21,9,2010
2010-09-20,1.73,20,9,2010
2010-09-17,1.72,17,9,2010
2010-09-16,1.71,16,9,2010
2010-09-15,1.72,15,9,2010
2010-09-14,1.71,14,9,2010
2010-09-13,1.71,13,9,2010
2010-09-10,1.72,10,9,2010
2010-09-09,1.72,9,9,2010
2010-09-08,1.73,8,9,2010
2010-09-07,1.73,7,9,2010
2010-09-06,1.73,6,9,2010
2010-09-03,1.73,3,9,2010
2010-09-02,1.73,2,9,2010
2010-09-01,1.74,1,9,2010
2010-08-31,1.76,31,8,2010
2010-08-30,1.76,30,8,2010
2010-08-27,1.75,27,8,2010
2010-08-26,1.76,26,8,2010
2010-08-25,1.76,25,8,2010
2010-08-24,1.77,24,8,2010
2010-08-23,1.77,23,8,2010
2010-08-20,1.76,20,8,2010
2010-08-19,1.76,19,8,2010
2010-08-18,1.75,18,8,2010
2010-08-17,1.75,17,8,2010
2010-08-16,1.76,16,8,2010
2010-08-13,1.77,13,8,2010
2010-08-12,1.77,12,8,2010
2010-08-11,1.77,11,8,2010
2010-08-10,1.75,10,8,2010
2010-08-09,1.75,9,8,2010
2010-08-06,1.76,6,8,2010
2010-08-05,1.75,5,8,2010
2010-08-04,1.75,4,8,2010
2010-08-03,1.76,3,8,2010
2010-08-02,1.75,2,8,2010
2010-07-30,1.75,30,7,2010
2010-07-29,1.76,29,7,2010
2010-07-28,1.77,28,7,2010
2010-07-27,1.77,27,7,2010
2010-07-26,1.76,26,7,2010
2010-07-23,1.77,23,7,2010
2010-07-22,1.76,22,7,2010
2010-07-21,1.78,21,7,2010
2010-07-20,1.77,20,7,2010
2010-07-19,1.79,19,7,2010
2010-07-16,1.78,16,7,2010
2010-07-15,1.76,15,7,2010
2010-07-14,1.76,14,7,2010
2010-07-13,1.75,13,7,2010
2010-07-12,1.76,12,7,2010
2010-07-09,1.76,9,7,2010
2010-07-08,1.76,8,7,2010
2010-07-07,1.77,7,7,2010
2010-07-06,1.78,6,7,2010
2010-07-05,1.78,5,7,2010
2010-07-02,1.77,2,7,2010
2010-07-01,1.79,1,7,2010
2010-06-30,1.8,30,6,2010
2010-06-29,1.81,29,6,2010
2010-06-28,1.78,28,6,2010
2010-06-25,1.78,25,6,2010
2010-06-24,1.78,24,6,2010
2010-06-23,1.79,23,6,2010
2010-06-22,1.79,22,6,2010
2010-06-21,1.77,21,6,2010
2010-06-18,1.77,18,6,2010
2010-06-17,1.78,17,6,2010
2010-06-16,1.79,16,6,2010
2010-06-15,1.78,15,6,2010
2010-06-14,1.81,14,6,2010
2010-06-11,1.81,11,6,2010
2010-06-10,1.8,10,6,2010
2010-06-09,1.85,9,6,2010
2010-06-08,1.85,8,6,2010
2010-06-07,1.88,7,6,2010
2010-06-04,1.86,4,6,2010
2010-06-03,1.82,3,6,2010
2010-06-02,1.82,2,6,2010
2010-06-01,1.85,1,6,2010
2010-05-31,1.82,31,5,2010
2010-05-28,1.82,28,5,2010
2010-05-27,1.81,27,5,2010
2010-05-26,1.87,26,5,2010
2010-05-25,1.84,25,5,2010
2010-05-24,1.87,24,5,2010
2010-05-21,1.85,21,5,2010
2010-05-20,1.88,20,5,2010
2010-05-19,1.83,19,5,2010
2010-05-18,1.82,18,5,2010
2010-05-17,1.8,17,5,2010
2010-05-14,1.8,14,5,2010
2010-05-13,1.77,13,5,2010
2010-05-12,1.77,12,5,2010
2010-05-11,1.79,11,5,2010
2010-05-10,1.77,10,5,2010
2010-05-07,1.84,7,5,2010
2010-05-06,1.85,6,5,2010
2010-05-05,1.79,5,5,2010
2010-05-04,1.76,4,5,2010
2010-05-03,1.73,3,5,2010
2010-04-30,1.74,30,4,2010
2010-04-29,1.73,29,4,2010
2010-04-28,1.75,28,4,2010
2010-04-27,1.77,27,4,2010
2010-04-26,1.75,26,4,2010
2010-04-23,1.76,23,4,2010
2010-04-22,1.76,22,4,2010
2010-04-21,1.75,21,4,2010
2010-04-20,1.75,20,4,2010
2010-04-19,1.76,19,4,2010
2010-04-16,1.76,16,4,2010
2010-04-15,1.75,15,4,2010
2010-04-14,1.74,14,4,2010
2010-04-13,1.75,13,4,2010
2010-04-12,1.75,12,4,2010
2010-04-09,1.77,9,4,2010
2010-04-08,1.78,8,4,2010
2010-04-07,1.78,7,4,2010
2010-04-06,1.75,6,4,2010
2010-04-05,1.76,5,4,2010
2010-04-02,1.76,2,4,2010
2010-04-01,1.76,1,4,2010
2010-03-31,1.78,31,3,2010
2010-03-30,1.79,30,3,2010
2010-03-29,1.79,29,3,2010
2010-03-26,1.82,26,3,2010
2010-03-25,1.82,25,3,2010
2010-03-24,1.8,24,3,2010
2010-03-23,1.78,23,3,2010
2010-03-22,1.79,22,3,2010
2010-03-19,1.8,19,3,2010
2010-03-18,1.79,18,3,2010
2010-03-17,1.77,17,3,2010
2010-03-16,1.77,16,3,2010
2010-03-15,1.76,15,3,2010
2010-03-12,1.76,12,3,2010
2010-03-11,1.76,11,3,2010
2010-03-10,1.77,10,3,2010
2010-03-09,1.78,9,3,2010
2010-03-08,1.79,8,3,2010
2010-03-05,1.78,5,3,2010
2010-03-04,1.79,4,3,2010
2010-03-03,1.79,3,3,2010
2010-03-02,1.79,2,3,2010
2010-03-01,1.8,1,3,2010
2010-02-26,1.81,26,2,2010
2010-02-25,1.82,25,2,2010
2010-02-24,1.82,24,2,2010
2010-02-23,1.83,23,2,2010
2010-02-22,1.81,22,2,2010
2010-02-19,1.8,19,2,2010
2010-02-18,1.83,18,2,2010
2010-02-17,1.83,17,2,2010
2010-02-16,1.84,16,2,2010
2010-02-15,1.85,15,2,2010
2010-02-12,1.85,12,2,2010
2010-02-11,1.85,11,2,2010
2010-02-10,1.86,10,2,2010
2010-02-09,1.85,9,2,2010
2010-02-08,1.88,8,2,2010
2010-02-05,1.88,5,2,2010
2010-02-04,1.87,4,2,2010
2010-02-03,1.85,3,2,2010
2010-02-02,1.83,2,2,2010
2010-02-01,1.86,1,2,2010
2010-01-29,1.88,29,1,2010
2010-01-28,1.87,28,1,2010
2010-01-27,1.85,27,1,2010
2010-01-26,1.84,26,1,2010
2010-01-25,1.82,25,1,2010
2010-01-22,1.82,22,1,2010
2010-01-21,1.8,21,1,2010
2010-01-20,1.79,20,1,2010
2010-01-19,1.77,19,1,2010
2010-01-18,1.76,18,1,2010
2010-01-15,1.77,15,1,2010
2010-01-14,1.76,14,1,2010
2010-01-13,1.76,13,1,2010
2010-01-12,1.75,12,1,2010
2010-01-11,1.74,11,1,2010
2010-01-08,1.73,8,1,2010
2010-01-07,1.75,7,1,2010
2010-01-06,1.73,6,1,2010
2010-01-05,1.73,5,1,2010
2010-01-04,1.72,4,1,2010
2010-01-01,1.74,1,1,2010
